{"type":"FeatureCollection","name":"philippines_coastline_simplified","attribution":"Coastline: geoBoundaries gbOpen PHL ADM0 (CC BY 4.0), simplified. Schematic demo data - not for navigation.","features":[{"type":"Feature","properties":{"name":"Philippines"},"geometry":{"type":"MultiPolygon","coordinates":[[[[119.4222,4.7879],[119.4114,4.7647],[119.3991,4.7585],[119.4018,4.7515],[119.3892,4.7443],[119.4072,4.7381],[119.4039,4.7064],[119.3935,4.7023],[119.3932,4.6697],[119.4014,4.6675],[119.4127,4.6999],[119.4222,4.7879]]],[[[119.8266,4.8227],[119.8085,4.8174],[119.8144,4.7982],[119.841,4.7903],[119.8678,4.7964],[119.8651,4.8058],[119.8266,4.8227]]],[[[119.4548,4.9138],[119.4455,4.9078],[119.4466,4.8801],[119.4673,4.7952],[119.4657,4.7629],[119.4713,4.7639],[119.4656,4.7615],[119.47,4.7426],[119.4654,4.7435],[119.4622,4.6939],[119.4562,4.6861],[119.4586,4.68],[119.4642,4.687],[119.4631,4.6726],[119.4598,4.6792],[119.4546,4.6749],[119.4554,4.6623],[119.4612,4.667],[119.458,4.6421],[119.4822,4.6696],[119.507,4.762],[119.4942,4.8358],[119.4697,4.8959],[119.4548,4.9138]]],[[[119.8017,4.9266],[119.7891,4.9173],[119.8044,4.8547],[119.852,4.8634],[119.8512,4.8997],[119.8325,4.9162],[119.826,4.9164],[119.8267,4.9021],[119.8184,4.9031],[119.8139,4.9106],[119.8234,4.9227],[119.8017,4.9266]]],[[[120.0135,5.0165],[120.0125,5.0086],[120.0004,5.0115],[119.9925,5.0048],[120.001,4.9964],[119.9884,4.9692],[119.9951,4.9532],[120.0101,4.9611],[120.0141,4.9879],[120.0206,4.9868],[120.0248,4.998],[120.0261,5.0072],[120.0135,5.0165]]],[[[119.7588,5.0353],[119.7369,5.0281],[119.7366,5.0146],[119.7451,5.0055],[119.7725,5.0128],[119.7799,5.0257],[119.7749,5.0347],[119.7598,5.0275],[119.7588,5.0353]]],[[[120.1062,5.037],[120.101,5.0295],[120.1181,5.0193],[120.1251,5.0038],[120.1341,5.0037],[120.1361,5.0205],[120.1062,5.037]]],[[[119.8096,5.1231],[119.7653,5.0943],[119.7445,5.0576],[119.7416,5.0364],[119.7496,5.0342],[119.7756,5.0481],[119.7854,5.0418],[119.7921,5.0476],[119.7907,5.0656],[119.802,5.0517],[119.8166,5.0588],[119.8204,5.0673],[119.8072,5.0786],[119.8137,5.0913],[119.8038,5.0981],[119.8096,5.1231]]],[[[120.3129,5.1305],[120.2751,5.1033],[120.2692,5.0898],[120.2826,5.0827],[120.3182,5.1033],[120.3192,5.1219],[120.3129,5.1305]]],[[[120.3424,5.1611],[120.3259,5.1541],[120.3194,5.1367],[120.3193,5.1294],[120.3358,5.1171],[120.3481,5.1322],[120.3424,5.1611]]],[[[120.4821,5.194],[120.4885,5.1653],[120.4993,5.1587],[120.5069,5.1739],[120.5077,5.1611],[120.5049,5.1833],[120.4821,5.194]]],[[[120.3148,5.2508],[120.2982,5.2412],[120.3107,5.2246],[120.3186,5.2382],[120.3151,5.2433],[120.3214,5.2435],[120.3148,5.2508]]],[[[120.2703,5.2564],[120.2599,5.2481],[120.2572,5.217],[120.2416,5.1911],[120.2507,5.1919],[120.2452,5.1795],[120.2666,5.187],[120.2718,5.1714],[120.2793,5.1815],[120.3011,5.1855],[120.3187,5.2065],[120.2703,5.2564]]],[[[120.3581,5.2587],[120.3464,5.2517],[120.3513,5.2451],[120.3288,5.213],[120.3304,5.2067],[120.3371,5.2087],[120.3308,5.1963],[120.3426,5.1817],[120.3521,5.2023],[120.3467,5.216],[120.3566,5.221],[120.3679,5.2536],[120.3581,5.2587]]],[[[120.2098,5.3489],[120.1936,5.3448],[120.1941,5.3396],[120.1722,5.3431],[120.1539,5.3223],[120.137,5.3183],[120.1245,5.3045],[120.0781,5.2806],[120.0764,5.2624],[120.07,5.2696],[120.0291,5.2399],[120.0312,5.2321],[120.0058,5.2297],[119.979,5.2367],[119.9729,5.2245],[119.9687,5.2285],[119.9584,5.2227],[119.943,5.1889],[119.9049,5.1752],[119.8889,5.1577],[119.8574,5.1505],[119.8581,5.1452],[119.839,5.1545],[119.8302,5.1495],[119.811,5.1242],[119.8254,5.1108],[119.814,5.0805],[119.822,5.0737],[119.8203,5.0562],[119.8374,5.0475],[119.8605,5.0466],[119.86,5.0572],[119.8492,5.0559],[119.8489,5.0626],[119.8824,5.0589],[119.8809,5.0735],[119.8894,5.0639],[119.9033,5.0695],[119.9014,5.0744],[119.92,5.0739],[119.9192,5.0865],[119.9437,5.089],[119.9547,5.0791],[119.9679,5.0793],[119.9833,5.1053],[119.9769,5.119],[119.9846,5.1153],[119.9916,5.1226],[119.9872,5.1417],[119.9926,5.1424],[119.9971,5.13],[120.0029,5.1379],[120.003,5.1501],[119.9952,5.1561],[120.0032,5.1609],[120.0149,5.157],[120.0357,5.1804],[120.0507,5.1843],[120.0578,5.182],[120.0597,5.1619],[120.0767,5.1697],[120.0711,5.1469],[120.0881,5.1617],[120.0864,5.153],[120.0958,5.1507],[120.099,5.1681],[120.1101,5.1679],[120.1116,5.1854],[120.1213,5.1854],[120.1183,5.2083],[120.1265,5.2089],[120.1421,5.184],[120.1545,5.1822],[120.1588,5.1635],[120.1681,5.1914],[120.1914,5.1832],[120.1664,5.1447],[120.1865,5.1309],[120.1886,5.1366],[120.2049,5.1343],[120.2155,5.1198],[120.2237,5.1243],[120.2275,5.1286],[120.2164,5.1337],[120.2162,5.1476],[120.2264,5.1724],[120.239,5.1797],[120.2305,5.1952],[120.236,5.1989],[120.23,5.2003],[120.2382,5.2139],[120.2415,5.2057],[120.2478,5.2107],[120.2443,5.2229],[120.255,5.2566],[120.2466,5.2608],[120.2504,5.2829],[120.2329,5.2825],[120.2312,5.2921],[120.2147,5.3022],[120.2214,5.3304],[120.2179,5.3451],[120.2098,5.3489]]],[[[120.226,5.3587],[120.2201,5.3559],[120.2301,5.3456],[120.2247,5.3389],[120.2449,5.3242],[120.2422,5.3489],[120.226,5.3587]]],[[[120.5862,5.435],[120.5786,5.4348],[120.5785,5.421],[120.5852,5.4315],[120.6003,5.4098],[120.5955,5.4056],[120.5909,5.4167],[120.5855,5.4122],[120.5735,5.4191],[120.5786,5.4051],[120.5917,5.3979],[120.608,5.4045],[120.5862,5.435]]],[[[120.233,5.4664],[120.2258,5.442],[120.2503,5.4414],[120.2504,5.4535],[120.2528,5.4463],[120.2275,5.4431],[120.2324,5.4496],[120.2281,5.458],[120.2487,5.4556],[120.233,5.4664]]],[[[120.7217,5.4881],[120.7164,5.4782],[120.7217,5.4714],[120.7192,5.4817],[120.7258,5.4828],[120.7336,5.4756],[120.7409,5.4438],[120.7432,5.4595],[120.7217,5.4881]]],[[[120.8037,5.5147],[120.8069,5.5289],[120.8021,5.5177],[120.7885,5.5115],[120.7738,5.4836],[120.7903,5.4551],[120.8004,5.4565],[120.801,5.4682],[120.7921,5.4571],[120.7854,5.4717],[120.8001,5.4773],[120.8037,5.5147]]],[[[120.7941,5.5698],[120.7655,5.5604],[120.7473,5.5276],[120.7465,5.5115],[120.7588,5.4978],[120.7765,5.4959],[120.7829,5.5147],[120.8055,5.5305],[120.8107,5.559],[120.7941,5.5698]]],[[[120.8507,5.5923],[120.8241,5.574],[120.8212,5.5496],[120.8123,5.5447],[120.818,5.5248],[120.8569,5.4876],[120.8799,5.4952],[120.9081,5.5362],[120.88,5.5689],[120.8753,5.5668],[120.8793,5.5703],[120.8726,5.5814],[120.8507,5.5923]]],[[[121.0669,5.6942],[121.032,5.6797],[121.0198,5.6864],[121.0123,5.6819],[121.0433,5.6585],[121.0715,5.6759],[121.0669,5.6942]]],[[[120.8363,5.7102],[120.8047,5.6998],[120.798,5.6639],[120.8245,5.6704],[120.8424,5.6639],[120.8626,5.6663],[120.8654,5.6791],[120.8882,5.6849],[120.889,5.6935],[120.8363,5.7102]]],[[[120.998,5.7377],[120.9969,5.7189],[121.0121,5.7157],[121.0086,5.7217],[121.0184,5.7235],[121.0165,5.7318],[120.998,5.7377]]],[[[120.9108,5.7595],[120.8997,5.7583],[120.886,5.7419],[120.88,5.7073],[120.8906,5.6941],[120.9245,5.7057],[120.9348,5.7181],[120.9312,5.7462],[120.9108,5.7595]]],[[[120.3994,5.8115],[120.3937,5.811],[120.4012,5.788],[120.416,5.7733],[120.4216,5.778],[120.4198,5.7922],[120.4099,5.7953],[120.3994,5.8115]]],[[[121.1466,5.8498],[121.1308,5.8123],[121.1386,5.7884],[121.1612,5.7791],[121.2061,5.8003],[121.2074,5.8122],[121.1937,5.8359],[121.1466,5.8498]]],[[[121.09,5.8592],[121.0818,5.8558],[121.0862,5.8447],[121.0791,5.8512],[121.0839,5.8398],[121.0952,5.8503],[121.09,5.8592]]],[[[120.01,5.8886],[120.0097,5.88],[120.0001,5.8754],[120.0062,5.8794],[120.0067,5.8743],[119.9842,5.8669],[119.982,5.8721],[119.9711,5.8621],[120.0092,5.8689],[120.0164,5.8813],[120.0121,5.8854],[120.0185,5.8844],[120.01,5.8886]]],[[[119.9918,5.9405],[119.9777,5.931],[119.9888,5.9247],[119.978,5.9276],[119.9801,5.917],[119.982,5.9228],[119.9994,5.9217],[119.9916,5.9252],[120.002,5.9298],[120.002,5.9372],[119.9918,5.9405]]],[[[120.1205,5.9689],[120.1096,5.9588],[120.1193,5.9368],[120.1214,5.95],[120.1139,5.9454],[120.1109,5.9556],[120.1184,5.9614],[120.1157,5.9532],[120.123,5.9515],[120.1205,5.9689]]],[[[121.5786,5.9793],[121.5734,5.9715],[121.58,5.9698],[121.5693,5.9683],[121.5581,5.9552],[121.5576,5.9443],[121.5708,5.9323],[121.5974,5.955],[121.5893,5.975],[121.5786,5.9793]]],[[[120.1028,5.9893],[120.0899,5.9742],[120.12,5.9172],[120.1223,5.9323],[120.1131,5.9384],[120.1087,5.9599],[120.0988,5.9649],[120.0948,5.9756],[120.1019,5.9804],[120.0959,5.9837],[120.1061,5.9862],[120.1109,5.9775],[120.1022,5.9765],[120.1029,5.9708],[120.112,5.9714],[120.1138,5.9641],[120.1209,5.9706],[120.1101,5.9883],[120.1028,5.9893]]],[[[121.5511,6.0421],[121.5413,6.039],[121.5342,6.0259],[121.5214,5.9973],[121.5256,5.9927],[121.5411,6.0107],[121.5564,6.0165],[121.5516,6.028],[121.5585,6.035],[121.5511,6.0421]]],[[[121.4075,6.0571],[121.3818,6.0368],[121.3815,6.026],[121.3874,6.0165],[121.4243,6.0139],[121.4332,6.0376],[121.426,6.0495],[121.4075,6.0571]]],[[[121.6776,6.0574],[121.6691,6.0383],[121.6803,6.0397],[121.6865,6.0278],[121.6525,5.9965],[121.6674,5.9881],[121.6928,5.9953],[121.7007,6.0174],[121.7279,6.0313],[121.704,6.0424],[121.6886,6.0367],[121.6912,6.0458],[121.6756,6.0542],[121.6998,6.0507],[121.6776,6.0574]]],[[[121.0597,6.0911],[121.0167,6.0866],[121.0071,6.0612],[120.983,6.0443],[120.9624,6.043],[120.918,6.0248],[120.8988,6.0059],[120.8733,5.9544],[120.88,5.9203],[120.9106,5.9094],[120.9228,5.8917],[120.941,5.8894],[121.0245,5.928],[121.0361,5.9227],[121.0472,5.9046],[121.055,5.9045],[121.0579,5.8888],[121.0752,5.8776],[121.0823,5.8845],[121.0738,5.8891],[121.0852,5.8917],[121.0689,5.8967],[121.0852,5.902],[121.1041,5.8978],[121.1116,5.9014],[121.1084,5.9079],[121.1279,5.9054],[121.1389,5.9109],[121.1366,5.9206],[121.1433,5.9271],[121.1622,5.9247],[121.168,5.9441],[121.1822,5.9344],[121.1956,5.9546],[121.2126,5.9396],[121.2188,5.9439],[121.2191,5.936],[121.2375,5.9364],[121.2455,5.9199],[121.233,5.907],[121.2358,5.8933],[121.2462,5.8882],[121.2587,5.8927],[121.265,5.8798],[121.2879,5.8744],[121.2775,5.866],[121.2706,5.8724],[121.2744,5.8635],[121.2839,5.8658],[121.2841,5.8559],[121.2863,5.8633],[121.2953,5.8603],[121.3002,5.8681],[121.2915,5.8745],[121.3043,5.8775],[121.3532,5.918],[121.3753,5.9155],[121.3775,5.9039],[121.385,5.9041],[121.3884,5.9119],[121.3812,5.9117],[121.3888,5.9223],[121.379,5.9292],[121.3836,5.937],[121.4112,5.944],[121.4255,5.9597],[121.4189,5.995],[121.394,6.0106],[121.3689,6.0053],[121.3722,6.0006],[121.3629,5.9893],[121.3562,5.9969],[121.3628,5.997],[121.364,6.0048],[121.3465,6.0106],[121.3264,5.9997],[121.2998,6.0157],[121.2796,6.0189],[121.2479,6.0144],[121.2194,5.9956],[121.2061,5.9963],[121.154,6.0777],[121.1345,6.0788],[121.1216,6.0904],[121.0858,6.0857],[121.0597,6.0911]]],[[[121.7643,6.0946],[121.7564,6.0784],[121.7773,6.0533],[121.7861,6.0548],[121.8031,6.0414],[121.805,6.0341],[121.7984,6.0373],[121.8054,6.0289],[121.8542,5.9987],[121.8803,6.0022],[121.9105,6.0185],[121.9486,6.0528],[121.897,6.0288],[121.8998,6.0338],[121.8896,6.0335],[121.8698,6.0188],[121.8536,6.0196],[121.8403,6.0338],[121.8147,6.0417],[121.7643,6.0946]]],[[[120.9662,6.1143],[120.9515,6.1032],[120.9623,6.1012],[120.9652,6.106],[120.9548,6.1058],[120.9641,6.1142],[120.9677,6.1095],[120.9662,6.1143]]],[[[121.841,6.1476],[121.8156,6.1345],[121.8128,6.1275],[121.8211,6.1184],[121.8502,6.1205],[121.8529,6.1385],[121.841,6.1476]]],[[[120.4583,6.172],[120.4311,6.1676],[120.415,6.1534],[120.4346,6.1361],[120.4525,6.1336],[120.4657,6.1629],[120.4583,6.172]]],[[[121.8176,6.1763],[121.8064,6.1719],[121.7966,6.1553],[121.7962,6.1391],[121.8055,6.13],[121.8303,6.1509],[121.8176,6.1763]]],[[[120.9301,6.1781],[120.8931,6.1568],[120.8829,6.1372],[120.902,6.161],[120.9093,6.1582],[120.9277,6.1743],[120.9337,6.1691],[120.9301,6.1781]]],[[[120.9706,6.1908],[120.9676,6.1816],[120.9784,6.177],[120.9774,6.1851],[120.9704,6.183],[120.9768,6.1894],[120.9706,6.1908]]],[[[120.9651,6.2064],[120.9576,6.1916],[120.9638,6.1732],[120.968,6.198],[120.9692,6.1922],[120.9857,6.1944],[120.9778,6.1855],[120.9801,6.1782],[120.9905,6.1816],[120.9902,6.1954],[120.9651,6.2064]]],[[[121.9632,6.3129],[121.9584,6.2923],[121.9799,6.2911],[121.982,6.2811],[121.9666,6.2852],[121.9708,6.279],[122.0155,6.2911],[122.0102,6.2949],[121.9867,6.2848],[121.9923,6.3038],[121.9632,6.3129]]],[[[120.6536,6.3205],[120.6375,6.2898],[120.6561,6.3043],[120.6607,6.2908],[120.6546,6.2736],[120.6457,6.2936],[120.6211,6.2669],[120.6328,6.2502],[120.6462,6.2557],[120.6632,6.2792],[120.6675,6.3056],[120.659,6.307],[120.6604,6.3161],[120.6536,6.3205]]],[[[120.8561,6.3428],[120.846,6.336],[120.8423,6.3095],[120.8595,6.3087],[120.876,6.3228],[120.8728,6.3377],[120.8561,6.3428]]],[[[120.5955,6.3946],[120.5567,6.3743],[120.5184,6.2631],[120.4809,6.2719],[120.4792,6.2535],[120.5165,6.2485],[120.5343,6.2389],[120.5776,6.2505],[120.5886,6.3512],[120.6028,6.3887],[120.5955,6.3946]]],[[[120.7111,6.4374],[120.6686,6.4167],[120.6705,6.4035],[120.7009,6.3933],[120.6978,6.3998],[120.7108,6.3969],[120.7161,6.4139],[120.7111,6.4374]]],[[[121.595,6.6831],[121.5845,6.6644],[121.6012,6.6408],[121.5994,6.6248],[121.6198,6.5992],[121.6146,6.5934],[121.6188,6.5588],[121.6196,6.6218],[121.6323,6.6517],[121.6139,6.6613],[121.595,6.6831]]],[[[122.064,6.751],[122.0472,6.749],[122.0418,6.7404],[122.0131,6.7458],[121.9883,6.732],[121.9702,6.7048],[121.9413,6.6891],[121.9419,6.6769],[121.9305,6.6661],[121.9157,6.6748],[121.8846,6.6566],[121.8723,6.6599],[121.8679,6.6735],[121.8562,6.6789],[121.8313,6.6789],[121.8128,6.6634],[121.795,6.6301],[121.8023,6.6101],[121.7949,6.6084],[121.798,6.5981],[121.8288,6.5828],[121.8511,6.5901],[121.855,6.5797],[121.8694,6.5758],[121.8808,6.5565],[121.8656,6.5441],[121.875,6.5379],[121.8705,6.5316],[121.8759,6.5273],[121.8675,6.5292],[121.8647,6.522],[121.8703,6.5045],[121.8849,6.4921],[121.8945,6.4949],[121.8915,6.4835],[121.9035,6.4834],[121.9198,6.4465],[121.945,6.4429],[121.9468,6.4316],[121.9576,6.4313],[121.95,6.4172],[121.957,6.4066],[121.9712,6.4089],[121.9718,6.4161],[121.9847,6.4091],[122.0349,6.4166],[122.0381,6.4117],[122.0814,6.4263],[122.091,6.4356],[122.1887,6.4593],[122.1961,6.467],[122.1914,6.4785],[122.1995,6.4929],[122.1904,6.5218],[122.2025,6.5328],[122.2121,6.5809],[122.2393,6.5955],[122.2562,6.5884],[122.2663,6.5943],[122.304,6.5908],[122.3269,6.6168],[122.3229,6.6343],[122.3005,6.6467],[122.2661,6.6414],[122.2366,6.665],[122.2221,6.6607],[122.1894,6.6699],[122.173,6.6629],[122.159,6.6742],[122.159,6.6671],[122.1431,6.67],[122.1358,6.7171],[122.1158,6.7224],[122.0936,6.713],[122.0768,6.7475],[122.064,6.751]]],[[[121.9804,6.7551],[121.9464,6.7377],[121.9412,6.7113],[121.9501,6.7096],[121.9503,6.7154],[121.9409,6.7124],[121.9465,6.719],[121.9585,6.7109],[121.9677,6.7134],[121.9633,6.7089],[121.9716,6.7125],[121.9808,6.7276],[121.9765,6.7358],[121.9915,6.7454],[121.9804,6.7551]]],[[[122.2724,6.9994],[122.2442,6.9916],[122.2416,6.9839],[122.2405,6.9923],[122.229,6.9913],[122.2231,6.9783],[122.2141,6.9799],[122.2096,6.956],[122.1986,6.9534],[122.2023,6.939],[122.1938,6.9282],[122.1991,6.9192],[122.2079,6.9374],[122.2201,6.9378],[122.2211,6.9455],[122.2431,6.9538],[122.2406,6.9624],[122.2641,6.9534],[122.2726,6.9576],[122.2855,6.9777],[122.2724,6.9994]]],[[[118.507,7.0491],[118.4943,7.0458],[118.478,7.0279],[118.45,7.0359],[118.4201,7.0239],[118.4184,7.0154],[118.4141,7.0248],[118.4085,7.0205],[118.4143,7.0118],[118.4231,7.0149],[118.4304,7.0082],[118.4308,6.9888],[118.4755,6.9742],[118.4822,6.9829],[118.4832,6.9676],[118.5098,6.9679],[118.5125,6.9746],[118.5357,6.964],[118.5167,6.9755],[118.509,6.9919],[118.5133,6.9983],[118.5159,6.9931],[118.5268,7.0314],[118.5221,7.0422],[118.507,7.0491]]],[[[124.0762,7.3764],[124.0651,7.3738],[124.0189,7.3319],[124.0145,7.3197],[124.021,7.297],[124.0287,7.2951],[124.0456,7.3132],[124.0422,7.3332],[124.0693,7.3537],[124.0762,7.3764]]],[[[122.8985,7.4428],[122.8876,7.4275],[122.8841,7.3961],[122.8859,7.3797],[122.8912,7.3788],[122.8745,7.3649],[122.878,7.3733],[122.8741,7.3697],[122.861,7.3863],[122.8599,7.4119],[122.8481,7.4259],[122.8249,7.4392],[122.8031,7.4228],[122.7943,7.3916],[122.8002,7.3807],[122.7893,7.3661],[122.7884,7.3452],[122.8004,7.3366],[122.8113,7.34],[122.8011,7.3286],[122.808,7.3113],[122.8053,7.2981],[122.8305,7.2777],[122.8391,7.2784],[122.8304,7.2877],[122.8468,7.3084],[122.8973,7.3181],[122.9174,7.3482],[122.9295,7.3465],[122.9387,7.3355],[122.9494,7.3381],[122.9528,7.3492],[122.9265,7.3564],[122.9249,7.3721],[122.9366,7.3753],[122.9756,7.3637],[122.956,7.3907],[122.9432,7.3939],[122.9419,7.4006],[122.9332,7.3973],[122.9464,7.4081],[122.93,7.4279],[122.9082,7.4301],[122.8985,7.4428]]],[[[117.0655,8.0801],[117.0372,8.0639],[116.9966,8.0625],[117.004,8.0558],[117.0039,8.0425],[116.9693,8.0154],[116.9687,8.0328],[116.9632,8.0309],[116.9737,8.0461],[116.9665,8.0542],[116.9547,8.0283],[116.9599,8.0136],[116.9501,7.9985],[116.9692,7.9671],[116.9584,7.9583],[116.9669,7.9519],[116.9434,7.9295],[116.9338,7.9394],[116.9289,7.9363],[116.9352,7.9138],[116.9515,7.9181],[116.9676,7.8966],[116.9823,7.8539],[117.0001,7.8515],[116.9926,7.8393],[116.9929,7.8158],[117.0115,7.8042],[117.0242,7.8061],[117.0155,7.8227],[117.0277,7.8127],[117.042,7.8327],[117.0606,7.8421],[117.0789,7.8802],[117.0676,7.887],[117.0687,7.8976],[117.0863,7.9063],[117.075,7.9914],[117.0524,7.9872],[117.056,7.9972],[117.0784,8.0052],[117.0781,8.0124],[117.0657,8.0148],[117.0778,8.0177],[117.0806,8.0449],[117.0731,8.0746],[117.0655,8.0801]]],[[[117.029,8.13],[116.9901,8.0984],[116.9927,8.0884],[117.0088,8.0926],[117.0036,8.0823],[117.0156,8.0714],[117.0625,8.084],[117.0518,8.0994],[117.0507,8.1185],[117.029,8.13]]],[[[117.1402,8.18],[117.1317,8.1735],[117.1485,8.1513],[117.2056,8.1537],[117.2018,8.1675],[117.1879,8.1795],[117.1402,8.18]]],[[[117.3069,8.3305],[117.2965,8.3149],[117.279,8.3228],[117.2667,8.2932],[117.2712,8.2447],[117.2661,8.235],[117.2715,8.2304],[117.2655,8.2311],[117.2714,8.2284],[117.2657,8.2268],[117.2628,8.2095],[117.2941,8.1879],[117.2835,8.1826],[117.2924,8.1773],[117.336,8.195],[117.3465,8.2103],[117.3423,8.2541],[117.3522,8.2908],[117.3434,8.308],[117.3069,8.3305]]],[[[117.2311,8.3389],[117.2188,8.3158],[117.1928,8.2903],[117.1701,8.282],[117.1631,8.286],[117.1757,8.2694],[117.1757,8.2556],[117.2032,8.2658],[117.22,8.2624],[117.2568,8.2883],[117.2579,8.315],[117.2481,8.3175],[117.2384,8.3067],[117.2368,8.3154],[117.2223,8.3152],[117.2311,8.3389]]],[[[118.4408,9.249],[118.4327,9.2453],[118.4265,9.2075],[118.4567,9.2194],[118.4534,9.2357],[118.4407,9.2371],[118.4408,9.249]]],[[[123.6138,9.3009],[123.6002,9.2986],[123.592,9.2511],[123.5759,9.2464],[123.561,9.227],[123.5242,9.2257],[123.5122,9.2148],[123.4973,9.2127],[123.4695,9.2243],[123.4582,9.2113],[123.4606,9.1977],[123.4525,9.1937],[123.4622,9.1772],[123.5522,9.1142],[123.5596,9.1011],[123.5883,9.0947],[123.6234,9.1023],[123.6256,9.1132],[123.64,9.1259],[123.6578,9.115],[123.6813,9.1212],[123.702,9.1449],[123.6955,9.161],[123.674,9.1605],[123.6566,9.1886],[123.6669,9.2102],[123.6854,9.213],[123.6867,9.2213],[123.6618,9.2356],[123.6428,9.2844],[123.6264,9.2994],[123.6138,9.3009]]],[[[118.6286,9.4621],[118.6093,9.4485],[118.6117,9.4311],[118.6199,9.4394],[118.6271,9.4369],[118.6331,9.4538],[118.6286,9.4621]]],[[[123.8365,9.6441],[123.7717,9.6171],[123.745,9.5963],[123.7517,9.5949],[123.7458,9.5904],[123.7179,9.5878],[123.7493,9.5726],[123.7429,9.5536],[123.752,9.5461],[123.7996,9.5524],[123.8695,9.6045],[123.8713,9.6259],[123.8365,9.6441]]],[[[121.2305,9.645],[121.2243,9.6383],[121.2226,9.6063],[121.1827,9.5697],[121.1917,9.5686],[121.2131,9.5924],[121.223,9.5868],[121.232,9.591],[121.2212,9.5924],[121.2301,9.613],[121.2252,9.6229],[121.2305,9.645]]],[[[125.4412,9.8247],[125.4354,9.8223],[125.439,9.7923],[125.4012,9.7675],[125.391,9.6559],[125.4373,9.483],[125.4478,9.4738],[125.454,9.4425],[125.4505,9.4204],[125.4625,9.4108],[125.4611,9.3845],[125.4699,9.3611],[125.4824,9.3537],[125.5034,9.3022],[125.5092,9.2695],[125.5051,9.2442],[125.5142,9.2376],[125.5122,9.2252],[125.5231,9.217],[125.5231,9.2005],[125.5306,9.1938],[125.5195,9.1633],[125.5197,9.1418],[125.5366,9.0785],[125.5118,9.0301],[125.5217,9.008],[125.503,9.0126],[125.4293,8.9755],[125.4045,8.9833],[125.375,8.9823],[125.3583,8.9927],[125.3428,8.9906],[125.3351,8.987],[125.3377,8.9735],[125.3312,8.9758],[125.3312,8.9698],[125.3259,8.9739],[125.332,8.9779],[125.3315,8.9905],[125.2815,8.9912],[125.2515,9.0244],[125.2372,9.0308],[125.2182,9.0897],[125.208,9.094],[125.1862,9.0763],[125.185,9.028],[125.1713,9.0099],[125.1859,8.9603],[125.1875,8.9274],[125.1853,8.896],[125.1683,8.8762],[125.167,8.8514],[125.1638,8.8457],[125.152,8.8514],[125.1251,8.8359],[125.0855,8.8279],[125.0701,8.8345],[125.0662,8.8572],[125.0244,8.9014],[125.0242,8.919],[124.9904,8.9308],[124.9415,8.9696],[124.9064,8.9817],[124.9007,8.9939],[124.8746,9.0061],[124.8777,9.0161],[124.8657,9.0067],[124.8219,9.0055],[124.8016,8.9971],[124.7719,8.9654],[124.7893,8.8812],[124.7878,8.8135],[124.7639,8.7609],[124.7781,8.7338],[124.7775,8.7182],[124.7719,8.7121],[124.7581,8.7172],[124.7405,8.6922],[124.7422,8.6503],[124.7479,8.643],[124.756,8.6491],[124.7622,8.6422],[124.7602,8.6125],[124.7715,8.595],[124.7428,8.5586],[124.7489,8.5541],[124.7419,8.5542],[124.7409,8.5308],[124.7537,8.5124],[124.7448,8.4961],[124.6996,8.4722],[124.6666,8.4836],[124.6624,8.5071],[124.6563,8.5009],[124.6541,8.51],[124.6144,8.521],[124.5777,8.519],[124.5675,8.5401],[124.5435,8.5406],[124.5357,8.5556],[124.5128,8.5721],[124.4714,8.5911],[124.4794,8.6188],[124.4676,8.6251],[124.4489,8.624],[124.4065,8.5976],[124.3863,8.5935],[124.3403,8.5512],[124.3208,8.5468],[124.3123,8.5362],[124.3049,8.501],[124.294,8.4856],[124.2953,8.4717],[124.2837,8.4623],[124.2884,8.4432],[124.2829,8.3966],[124.2622,8.377],[124.2576,8.3401],[124.2464,8.3317],[124.264,8.2784],[124.2486,8.2642],[124.2299,8.2176],[124.2187,8.2097],[124.2022,8.2105],[124.1899,8.1962],[124.1666,8.1862],[124.1084,8.1872],[124.0839,8.1958],[124.0833,8.189],[124.075,8.1937],[124.0682,8.1872],[124.0326,8.1984],[124.0128,8.1946],[124.0108,8.1872],[123.9865,8.1751],[123.9598,8.1706],[123.9315,8.1532],[123.8987,8.1142],[123.8695,8.1033],[123.848,8.1122],[123.834,8.0849],[123.8277,8.0871],[123.8025,8.0624],[123.7878,8.0579],[123.7783,8.032],[123.758,8.017],[123.7454,7.994],[123.7191,7.99],[123.7096,7.9775],[123.6944,7.9789],[123.6756,7.9508],[123.6526,7.9525],[123.6484,7.9642],[123.6411,7.9628],[123.6444,7.9699],[123.6357,7.9774],[123.6451,7.9765],[123.6404,7.989],[123.6637,7.9975],[123.6494,8.0196],[123.6411,8.0039],[123.6342,8.0072],[123.6392,8.0134],[123.634,8.0206],[123.6449,8.0127],[123.6696,8.0357],[123.704,8.0521],[123.7217,8.0454],[123.7466,8.0485],[123.7519,8.0564],[123.7592,8.0522],[123.7616,8.0645],[123.7748,8.065],[123.7708,8.0733],[123.7849,8.0805],[123.7896,8.0993],[123.8301,8.129],[123.8324,8.1399],[123.8467,8.1377],[123.8557,8.1557],[123.8664,8.1597],[123.864,8.2241],[123.8465,8.2699],[123.8477,8.3119],[123.8636,8.3246],[123.8463,8.3483],[123.8449,8.3816],[123.8348,8.4053],[123.8366,8.4307],[123.8144,8.4566],[123.8175,8.4759],[123.7774,8.5129],[123.7853,8.5184],[123.7854,8.5283],[123.7729,8.5556],[123.7613,8.5554],[123.756,8.5694],[123.7443,8.5763],[123.7438,8.6004],[123.7552,8.6002],[123.7409,8.6002],[123.7346,8.6114],[123.7394,8.5886],[123.738,8.5994],[123.7251,8.6041],[123.7247,8.6113],[123.6874,8.6412],[123.6657,8.6452],[123.6556,8.6347],[123.6408,8.6416],[123.6315,8.6328],[123.6387,8.6415],[123.6159,8.6499],[123.6222,8.6575],[123.6183,8.6658],[123.5889,8.6689],[123.5794,8.6576],[123.5977,8.6615],[123.6019,8.6426],[123.5942,8.643],[123.5763,8.6185],[123.5751,8.5809],[123.5667,8.5715],[123.5636,8.5888],[123.5691,8.5968],[123.5565,8.5939],[123.564,8.6179],[123.5541,8.6167],[123.5442,8.6257],[123.5363,8.6182],[123.5349,8.6314],[123.5229,8.6251],[123.5174,8.631],[123.5129,8.6209],[123.4874,8.6442],[123.4848,8.6566],[123.5077,8.6819],[123.5014,8.7011],[123.4747,8.6815],[123.4561,8.6913],[123.4516,8.6843],[123.4513,8.6988],[123.436,8.7157],[123.3795,8.7269],[123.3787,8.7046],[123.3899,8.7006],[123.3938,8.6839],[123.3981,8.7008],[123.4063,8.6946],[123.3975,8.6756],[123.4106,8.6744],[123.4057,8.6679],[123.4217,8.6625],[123.4143,8.6359],[123.3921,8.6246],[123.3705,8.6435],[123.3475,8.632],[123.331,8.5625],[123.3044,8.5218],[123.2663,8.5123],[123.1832,8.5329],[123.0639,8.5154],[123.0445,8.4927],[123.0256,8.4836],[123.0187,8.4437],[123.0057,8.4255],[122.9797,8.4134],[122.9798,8.379],[122.9899,8.35],[122.9833,8.3284],[122.9748,8.3191],[122.9454,8.3164],[122.9368,8.3074],[122.9474,8.2793],[122.9666,8.2607],[122.9947,8.251],[122.9958,8.2144],[122.9896,8.2016],[122.9546,8.184],[122.9208,8.1517],[122.9023,8.1434],[122.8665,8.1414],[122.8586,8.1468],[122.8282,8.1249],[122.7434,8.1108],[122.6856,8.1212],[122.6733,8.1413],[122.6747,8.1562],[122.6617,8.1622],[122.6295,8.1135],[122.5941,8.0991],[122.5835,8.0827],[122.5224,8.076],[122.5074,8.0649],[122.4653,8.073],[122.4012,8.0479],[122.345,8.0386],[122.32,8.0191],[122.3019,8.0164],[122.2675,7.9972],[122.2244,7.9581],[122.223,7.948],[122.2329,7.9331],[122.2259,7.9073],[122.2048,7.8842],[122.1607,7.8587],[122.1521,7.8322],[122.1387,7.8194],[122.1419,7.8065],[122.1268,7.7974],[122.1212,7.8005],[122.12,7.7769],[122.11,7.7754],[122.1057,7.7882],[122.1016,7.7792],[122.1242,7.7556],[122.1117,7.7479],[122.1104,7.7593],[122.103,7.7621],[122.086,7.7368],[122.0939,7.7357],[122.0985,7.7251],[122.1074,7.7304],[122.1147,7.726],[122.1348,7.669],[122.1343,7.6395],[122.1205,7.6209],[122.1217,7.6106],[122.1055,7.5961],[122.1239,7.5813],[122.1262,7.5895],[122.1365,7.5901],[122.1433,7.5736],[122.1388,7.562],[122.1128,7.5508],[122.1011,7.5244],[122.0852,7.5273],[122.073,7.5206],[122.0728,7.5114],[122.0867,7.5022],[122.0886,7.5071],[122.0904,7.4965],[122.0747,7.4882],[122.0624,7.452],[122.0554,7.4479],[122.0576,7.4008],[122.044,7.3854],[122.0477,7.3693],[122.0311,7.3565],[122.0375,7.326],[122.0652,7.3133],[122.0641,7.2963],[122.0525,7.2842],[122.0123,7.2784],[122.0067,7.2611],[121.9721,7.2469],[121.961,7.2275],[121.9295,7.1997],[121.902,7.1462],[121.8975,7.0789],[121.9232,6.9884],[121.9381,6.9652],[121.9625,6.9473],[121.9735,6.9551],[122.0259,6.9199],[122.1087,6.8893],[122.1268,6.8923],[122.1592,6.916],[122.1536,6.9208],[122.1597,6.9284],[122.1509,6.9291],[122.169,6.9355],[122.1845,6.9516],[122.1921,7.0033],[122.2117,7.0338],[122.2117,7.0397],[122.2019,7.034],[122.1978,7.0396],[122.2124,7.046],[122.2031,7.0485],[122.2126,7.0571],[122.204,7.0681],[122.2127,7.0677],[122.2269,7.0862],[122.2351,7.084],[122.2568,7.1111],[122.2509,7.1164],[122.2587,7.121],[122.2568,7.128],[122.2436,7.1325],[122.2601,7.1594],[122.2487,7.1696],[122.2527,7.1751],[122.2461,7.1881],[122.2652,7.1945],[122.2547,7.1955],[122.2483,7.2059],[122.263,7.2043],[122.2668,7.2287],[122.2798,7.2312],[122.278,7.2508],[122.2845,7.2608],[122.28,7.2642],[122.2902,7.2775],[122.2945,7.3039],[122.2919,7.3253],[122.3015,7.3352],[122.3081,7.3294],[122.3171,7.3356],[122.311,7.3189],[122.3284,7.3298],[122.3368,7.3231],[122.3275,7.3176],[122.3256,7.3068],[122.3407,7.3141],[122.3727,7.3477],[122.3825,7.3637],[122.3793,7.3718],[122.3935,7.3904],[122.364,7.3948],[122.3578,7.4015],[122.3434,7.3966],[122.3539,7.414],[122.3435,7.4251],[122.3463,7.4455],[122.3513,7.4444],[122.3575,7.4625],[122.354,7.4683],[122.3715,7.4745],[122.3775,7.4883],[122.3957,7.4896],[122.4085,7.5064],[122.4037,7.4891],[122.422,7.5036],[122.4312,7.5221],[122.4486,7.5343],[122.4354,7.5369],[122.4393,7.5458],[122.4497,7.548],[122.4526,7.5368],[122.457,7.5468],[122.4675,7.5383],[122.4355,7.4993],[122.4526,7.5016],[122.4727,7.5232],[122.4896,7.5462],[122.489,7.5662],[122.5004,7.5659],[122.5063,7.5789],[122.4833,7.5693],[122.4736,7.5754],[122.4782,7.5803],[122.4704,7.5794],[122.4512,7.5668],[122.4333,7.5722],[122.4325,7.5878],[122.445,7.5936],[122.446,7.6089],[122.4718,7.6182],[122.4736,7.6317],[122.4899,7.6314],[122.477,7.6414],[122.4825,7.6529],[122.4975,7.6605],[122.4991,7.6769],[122.5097,7.6917],[122.5254,7.6932],[122.5216,7.7041],[122.5328,7.705],[122.5445,7.7344],[122.5629,7.7389],[122.568,7.7477],[122.5797,7.7415],[122.5853,7.7497],[122.6022,7.7518],[122.6126,7.765],[122.6211,7.76],[122.6174,7.7715],[122.6232,7.7703],[122.6242,7.7771],[122.6672,7.7852],[122.6736,7.7661],[122.6826,7.7708],[122.6751,7.7745],[122.6781,7.7846],[122.6876,7.7785],[122.6919,7.7891],[122.6971,7.7814],[122.7056,7.7865],[122.7121,7.777],[122.7123,7.7837],[122.7196,7.7842],[122.7316,7.7647],[122.7431,7.7618],[122.7448,7.7498],[122.7586,7.7609],[122.7577,7.7538],[122.7825,7.7531],[122.788,7.7624],[122.8123,7.7455],[122.8149,7.7385],[122.8056,7.7386],[122.8161,7.7215],[122.7967,7.7256],[122.8052,7.7146],[122.8024,7.7045],[122.7824,7.6781],[122.7858,7.6551],[122.7981,7.6369],[122.7867,7.6148],[122.7937,7.6047],[122.7889,7.5914],[122.8107,7.5816],[122.8227,7.5615],[122.8282,7.5219],[122.8194,7.5181],[122.8017,7.5254],[122.8099,7.5339],[122.7985,7.5391],[122.7985,7.5457],[122.7874,7.5391],[122.7956,7.5271],[122.7814,7.5054],[122.7795,7.4748],[122.7836,7.4718],[122.8058,7.4911],[122.8094,7.4811],[122.8176,7.4799],[122.8198,7.4569],[122.8106,7.4447],[122.8149,7.4338],[122.833,7.4468],[122.8427,7.4362],[122.8553,7.457],[122.8745,7.4642],[122.8754,7.4864],[122.8577,7.4988],[122.8854,7.5091],[122.8892,7.5398],[122.9045,7.545],[122.9208,7.5379],[122.9505,7.4791],[122.9596,7.4737],[122.9646,7.4868],[122.9749,7.4873],[122.9765,7.4738],[122.9832,7.4743],[122.983,7.4645],[122.9925,7.4582],[122.9965,7.4678],[122.9915,7.4705],[123.0038,7.4802],[122.9961,7.5001],[123.0088,7.5277],[123.0237,7.5416],[123.0255,7.5608],[123.0335,7.5695],[123.0295,7.5754],[123.0354,7.5853],[123.0288,7.5956],[123.0339,7.6099],[123.0263,7.6267],[123.0504,7.6207],[123.0569,7.6257],[123.0485,7.6407],[123.0532,7.6533],[123.0407,7.6467],[123.0343,7.6576],[123.0511,7.6663],[123.0592,7.6607],[123.0624,7.6806],[123.0711,7.6838],[123.0836,7.6769],[123.085,7.6951],[123.092,7.7035],[123.103,7.7034],[123.1138,7.7357],[123.1191,7.7195],[123.1394,7.7119],[123.1444,7.6982],[123.1461,7.6882],[123.125,7.6703],[123.131,7.6556],[123.1451,7.6577],[123.1394,7.6435],[123.1498,7.649],[123.1589,7.6385],[123.1664,7.6386],[123.1671,7.6449],[123.1775,7.6412],[123.1796,7.6289],[123.1742,7.6253],[123.1902,7.6112],[123.1969,7.591],[123.1747,7.5738],[123.1615,7.5823],[123.137,7.5765],[123.1254,7.6026],[123.0966,7.6025],[123.1309,7.5805],[123.1251,7.5803],[123.1289,7.5658],[123.1023,7.557],[123.107,7.5475],[123.1017,7.5382],[123.1155,7.5277],[123.1156,7.5142],[123.1392,7.4994],[123.1671,7.4952],[123.1643,7.4729],[123.177,7.4662],[123.1893,7.4835],[123.1983,7.4846],[123.1815,7.505],[123.2163,7.5245],[123.2245,7.5402],[123.2425,7.5296],[123.2569,7.5372],[123.3004,7.5319],[123.3077,7.5189],[123.2896,7.5089],[123.2954,7.4937],[123.2824,7.4757],[123.2847,7.4673],[123.3156,7.4497],[123.3333,7.4133],[123.3746,7.4],[123.3814,7.3764],[123.4064,7.3576],[123.4209,7.3621],[123.4237,7.3738],[123.4517,7.3718],[123.4456,7.4021],[123.4359,7.4097],[123.4423,7.4142],[123.4408,7.4281],[123.4512,7.4346],[123.4125,7.4673],[123.3945,7.4587],[123.3943,7.4726],[123.3803,7.491],[123.3816,7.5343],[123.3631,7.5356],[123.347,7.5506],[123.3422,7.5458],[123.3363,7.5517],[123.338,7.5701],[123.3559,7.5797],[123.3686,7.5716],[123.3702,7.5785],[123.3884,7.5559],[123.3943,7.5731],[123.3918,7.586],[123.3793,7.5965],[123.3846,7.6057],[123.4632,7.6297],[123.4644,7.6485],[123.4778,7.6681],[123.4819,7.6942],[123.4765,7.7041],[123.4823,7.7093],[123.4767,7.7196],[123.4824,7.7291],[123.4704,7.7439],[123.4433,7.7461],[123.4462,7.7642],[123.4334,7.7613],[123.4202,7.7677],[123.4222,7.7789],[123.4313,7.7819],[123.4228,7.8149],[123.4469,7.8227],[123.4518,7.8178],[123.4471,7.8152],[123.4608,7.812],[123.508,7.8358],[123.5272,7.8356],[123.5394,7.8499],[123.5695,7.852],[123.598,7.8332],[123.6081,7.8369],[123.6165,7.8279],[123.6278,7.8317],[123.643,7.8211],[123.6909,7.8135],[123.6964,7.8057],[123.6917,7.7981],[123.7211,7.791],[123.7391,7.7639],[123.7363,7.7323],[123.7457,7.7275],[123.749,7.737],[123.7637,7.7317],[123.7759,7.7142],[123.7725,7.7046],[123.7924,7.7075],[123.8286,7.6965],[123.8656,7.6964],[123.8754,7.7022],[123.902,7.6897],[123.9163,7.6926],[123.961,7.6681],[123.9743,7.6678],[123.9742,7.6511],[123.9851,7.6426],[124.0136,7.6468],[124.016,7.6379],[124.0354,7.6269],[124.0484,7.6038],[124.0438,7.6026],[124.0669,7.585],[124.1184,7.51],[124.1318,7.4718],[124.146,7.4601],[124.1392,7.447],[124.13,7.4548],[124.1291,7.4452],[124.1718,7.4283],[124.1699,7.4153],[124.1798,7.4148],[124.1548,7.4029],[124.1663,7.4014],[124.1963,7.4214],[124.2062,7.4078],[124.2165,7.406],[124.2259,7.4065],[124.2351,7.4177],[124.2511,7.402],[124.2481,7.3767],[124.2603,7.3761],[124.2565,7.3479],[124.2313,7.342],[124.2185,7.3575],[124.2024,7.3518],[124.2151,7.3424],[124.2167,7.3073],[124.2038,7.266],[124.2087,7.252],[124.1893,7.2504],[124.1986,7.2427],[124.1883,7.2434],[124.1814,7.2255],[124.1692,7.2221],[124.1701,7.2096],[124.1697,7.2151],[124.1577,7.2038],[124.1724,7.1956],[124.1588,7.1892],[124.1577,7.1751],[124.1322,7.1662],[124.1149,7.1509],[124.0671,7.1453],[124.0469,7.1228],[124.0137,7.052],[124.0001,7.0396],[123.9924,7.0204],[123.9958,7.003],[123.9696,6.9632],[123.9705,6.9289],[123.9568,6.9102],[123.9569,6.8939],[123.9703,6.8833],[123.975,6.8677],[123.9575,6.8545],[123.9617,6.8273],[123.9437,6.8196],[123.9625,6.8119],[123.9586,6.7894],[123.9642,6.7867],[123.9665,6.7974],[123.975,6.7947],[123.9696,6.7746],[123.9759,6.7679],[123.9923,6.7769],[123.9978,6.7945],[124.0119,6.7936],[124.0311,6.7779],[124.0408,6.7582],[124.0383,6.7441],[124.0172,6.7275],[124.0161,6.7169],[124.0522,6.6272],[124.0539,6.5965],[124.041,6.5731],[124.0337,6.5718],[124.0358,6.5535],[124.0417,6.5581],[124.0639,6.5445],[124.042,6.529],[124.0245,6.5373],[124.0203,6.5231],[124.0329,6.517],[124.0243,6.5073],[124.0375,6.4948],[124.0389,6.4787],[124.0325,6.4754],[124.0398,6.4713],[124.0414,6.4526],[124.0277,6.4569],[124.0424,6.4426],[124.0438,6.4311],[124.0358,6.4238],[124.0497,6.4118],[124.0557,6.3777],[124.0642,6.3808],[124.0667,6.3949],[124.0773,6.3898],[124.0834,6.3638],[124.1083,6.319],[124.1541,6.2725],[124.168,6.2723],[124.1848,6.2106],[124.2174,6.1918],[124.2613,6.1529],[124.278,6.1578],[124.3216,6.1148],[124.3642,6.1152],[124.3931,6.0922],[124.4254,6.0875],[124.4579,6.0593],[124.5208,6.022],[124.5774,6.0155],[124.6027,5.9864],[124.6392,5.9848],[124.6589,5.9659],[124.7314,5.9313],[124.8017,5.9082],[124.8232,5.8896],[124.877,5.8802],[124.9238,5.8601],[124.9574,5.8557],[124.9804,5.8621],[125.0352,5.8511],[125.0731,5.8584],[125.0881,5.874],[125.0764,5.8915],[125.0823,5.9043],[125.0977,5.9123],[125.0933,5.9348],[125.0986,5.9516],[125.114,5.9669],[125.1318,6.0126],[125.1419,6.02],[125.1587,6.0978],[125.1753,6.1064],[125.2637,6.089],[125.2787,6.0654],[125.271,6.0556],[125.2825,6.0363],[125.2778,6.0276],[125.2889,6.0112],[125.292,5.9824],[125.2656,5.9361],[125.2726,5.9188],[125.2409,5.91],[125.2366,5.8953],[125.2146,5.8867],[125.2207,5.8593],[125.2041,5.8265],[125.1803,5.838],[125.1743,5.7987],[125.1891,5.7875],[125.1827,5.7741],[125.1963,5.7693],[125.2093,5.7744],[125.2168,5.7681],[125.2274,5.7292],[125.2381,5.718],[125.246,5.7113],[125.2732,5.71],[125.2863,5.694],[125.3086,5.632],[125.2925,5.5955],[125.2939,5.5827],[125.3184,5.5664],[125.3274,5.5686],[125.3319,5.5549],[125.3515,5.5679],[125.3662,5.5672],[125.3757,5.5586],[125.4137,5.5726],[125.4313,5.6113],[125.4442,5.6177],[125.4419,5.6292],[125.4489,5.6303],[125.4742,5.6677],[125.484,5.6957],[125.4986,5.7033],[125.5129,5.7487],[125.5442,5.7879],[125.565,5.8006],[125.5661,5.8139],[125.5985,5.846],[125.6027,5.8607],[125.625,5.8729],[125.6308,5.8944],[125.6422,5.9003],[125.6489,5.9178],[125.6612,5.9212],[125.6643,5.947],[125.6859,5.9724],[125.6933,6.0173],[125.7017,6.024],[125.7012,6.0735],[125.7151,6.1027],[125.703,6.1266],[125.7122,6.1712],[125.7042,6.1854],[125.7035,6.2133],[125.6859,6.251],[125.6714,6.26],[125.6707,6.2752],[125.6553,6.2982],[125.6533,6.3236],[125.6376,6.3499],[125.6394,6.3606],[125.6195,6.3875],[125.6185,6.4096],[125.5828,6.4388],[125.5825,6.4628],[125.5954,6.4987],[125.5884,6.5027],[125.5839,6.4896],[125.5724,6.4956],[125.5628,6.5054],[125.5825,6.515],[125.5662,6.519],[125.5672,6.5301],[125.5512,6.5349],[125.5476,6.5264],[125.5334,6.5306],[125.5356,6.5221],[125.5244,6.5172],[125.5136,6.5454],[125.5201,6.5547],[125.5052,6.5563],[125.5008,6.5667],[125.4801,6.5748],[125.4845,6.5988],[125.4635,6.5944],[125.4562,6.61],[125.4459,6.6094],[125.4294,6.633],[125.4211,6.6298],[125.4213,6.6218],[125.4492,6.5933],[125.443,6.5899],[125.4447,6.5787],[125.4275,6.582],[125.4007,6.6045],[125.387,6.6035],[125.3812,6.6189],[125.3869,6.635],[125.3837,6.6788],[125.3728,6.7243],[125.3878,6.7386],[125.3913,6.7548],[125.3837,6.7757],[125.3925,6.7928],[125.3794,6.8058],[125.3917,6.8027],[125.4229,6.8387],[125.4195,6.849],[125.4519,6.8704],[125.4565,6.8962],[125.4903,6.9212],[125.4838,6.9648],[125.489,6.9844],[125.5402,7.0419],[125.5653,7.0457],[125.5752,7.0379],[125.5761,7.0246],[125.5799,7.0405],[125.6101,7.0463],[125.6275,7.0835],[125.6497,7.0961],[125.6636,7.1268],[125.6579,7.1812],[125.6481,7.1983],[125.6526,7.2086],[125.6452,7.2163],[125.6502,7.2437],[125.6796,7.2533],[125.6841,7.269],[125.6793,7.2685],[125.697,7.2939],[125.7116,7.2903],[125.7175,7.3049],[125.7333,7.3095],[125.7425,7.3242],[125.7828,7.3421],[125.81,7.366],[125.8518,7.361],[125.8558,7.3422],[125.8469,7.3287],[125.848,7.2929],[125.8401,7.2853],[125.8378,7.2546],[125.8717,7.2096],[125.8737,7.1827],[125.8927,7.1654],[125.8839,7.1264],[125.9107,7.0915],[125.9273,7.0886],[125.9572,7.0667],[125.9592,7.0605],[125.947,7.0573],[125.95,7.0475],[125.9812,7.0306],[125.9813,7.0197],[125.99,7.0138],[125.9836,7.0084],[125.9879,6.993],[125.9722,6.9529],[125.9867,6.914],[126.0237,6.8748],[126.0675,6.8613],[126.0793,6.8473],[126.0733,6.8233],[126.0836,6.8215],[126.0858,6.8046],[126.0753,6.7616],[126.098,6.737],[126.0895,6.7312],[126.0844,6.6977],[126.0925,6.6825],[126.0734,6.6676],[126.0693,6.6503],[126.085,6.5995],[126.0935,6.599],[126.0876,6.5917],[126.0898,6.5533],[126.0837,6.5314],[126.1011,6.4833],[126.119,6.4646],[126.1169,6.4557],[126.1506,6.4194],[126.1452,6.3935],[126.1361,6.3877],[126.1461,6.3756],[126.1684,6.3712],[126.1696,6.3593],[126.1882,6.3362],[126.192,6.3018],[126.1859,6.2992],[126.1927,6.2694],[126.204,6.2875],[126.2066,6.3229],[126.1983,6.3436],[126.1978,6.3897],[126.2128,6.4256],[126.2257,6.4354],[126.215,6.4657],[126.2121,6.5091],[126.2259,6.5231],[126.2319,6.5514],[126.2254,6.5585],[126.2267,6.6177],[126.2204,6.6351],[126.2299,6.6713],[126.2439,6.6904],[126.2419,6.6992],[126.2493,6.7021],[126.2458,6.7241],[126.2603,6.7529],[126.2079,6.8175],[126.2035,6.8317],[126.1914,6.8396],[126.155,6.9061],[126.1647,6.9063],[126.1812,6.8768],[126.1889,6.8798],[126.1885,6.8861],[126.1943,6.8855],[126.1904,6.8938],[126.1771,6.8991],[126.1888,6.9259],[126.1843,6.9342],[126.2055,6.9537],[126.2406,6.9326],[126.242,6.9371],[126.2624,6.9119],[126.257,6.9274],[126.27,6.9278],[126.2601,6.9255],[126.2778,6.8837],[126.301,6.8628],[126.2972,6.8484],[126.2846,6.8435],[126.2881,6.8222],[126.3118,6.8027],[126.3501,6.8025],[126.3454,6.8575],[126.2916,6.9017],[126.2821,6.9286],[126.3074,6.9395],[126.3158,6.9771],[126.338,7.0056],[126.354,7.0041],[126.3658,6.9925],[126.3988,6.9916],[126.4158,7.0041],[126.4586,6.9946],[126.4463,7.0175],[126.4524,7.0566],[126.4743,7.0649],[126.4667,7.0859],[126.4779,7.0922],[126.4842,7.1145],[126.4927,7.119],[126.5008,7.113],[126.5054,7.1239],[126.5164,7.1245],[126.5162,7.1431],[126.5316,7.1472],[126.5238,7.1671],[126.5281,7.1827],[126.5375,7.1863],[126.5339,7.2063],[126.5482,7.2112],[126.5616,7.2028],[126.5717,7.2247],[126.5644,7.2338],[126.5875,7.2536],[126.605,7.2886],[126.5971,7.2955],[126.5659,7.2877],[126.5512,7.3128],[126.5605,7.3237],[126.5545,7.3238],[126.5694,7.3265],[126.5702,7.3328],[126.5515,7.3528],[126.5574,7.3573],[126.5548,7.3741],[126.5781,7.395],[126.5538,7.402],[126.549,7.4287],[126.5582,7.447],[126.5947,7.4489],[126.5985,7.4739],[126.5936,7.4789],[126.599,7.4849],[126.5967,7.5146],[126.5768,7.558],[126.5819,7.5691],[126.559,7.578],[126.5614,7.6049],[126.5776,7.6086],[126.575,7.619],[126.565,7.6179],[126.5519,7.6375],[126.5589,7.6723],[126.5508,7.6779],[126.5511,7.6956],[126.5592,7.7052],[126.555,7.7116],[126.5627,7.71],[126.5635,7.7185],[126.5655,7.7118],[126.5701,7.7189],[126.5661,7.7232],[126.5591,7.7144],[126.5551,7.7269],[126.5612,7.7302],[126.5323,7.7404],[126.5198,7.7331],[126.5175,7.7382],[126.5066,7.7361],[126.4552,7.7868],[126.4467,7.8093],[126.4258,7.8099],[126.4214,7.8259],[126.3839,7.829],[126.3736,7.8515],[126.3837,7.8673],[126.3594,7.8844],[126.3661,7.8951],[126.3591,7.9067],[126.3745,7.9426],[126.3922,7.9564],[126.4075,7.9547],[126.4231,7.9793],[126.4495,7.9886],[126.4303,7.9936],[126.4155,7.9838],[126.4206,7.9947],[126.4092,7.9958],[126.4066,8.0097],[126.4222,8.0159],[126.4132,8.0325],[126.4215,8.0503],[126.4125,8.0521],[126.422,8.0546],[126.4339,8.0884],[126.4527,8.0983],[126.4348,8.0997],[126.4268,8.1116],[126.4398,8.1256],[126.4329,8.1558],[126.4445,8.166],[126.4393,8.2004],[126.4515,8.2222],[126.4464,8.2282],[126.4593,8.2304],[126.456,8.2446],[126.4388,8.2462],[126.3933,8.2048],[126.3798,8.1973],[126.3768,8.2033],[126.3778,8.1962],[126.3672,8.1981],[126.3648,8.1915],[126.3561,8.1947],[126.344,8.1833],[126.3338,8.1899],[126.3172,8.2232],[126.3082,8.2177],[126.3205,8.2378],[126.3487,8.2526],[126.383,8.2924],[126.3734,8.3012],[126.3753,8.3081],[126.3305,8.3137],[126.3264,8.3314],[126.3378,8.3345],[126.3182,8.3526],[126.3379,8.3697],[126.3458,8.3629],[126.3451,8.372],[126.355,8.3684],[126.3573,8.3869],[126.3704,8.392],[126.3709,8.4046],[126.3801,8.4094],[126.3733,8.4167],[126.3742,8.4316],[126.3635,8.425],[126.3475,8.4285],[126.3626,8.4627],[126.3547,8.4703],[126.3975,8.4679],[126.3895,8.4719],[126.3948,8.4787],[126.3839,8.483],[126.3976,8.4931],[126.3883,8.5124],[126.3509,8.5198],[126.3637,8.5377],[126.3548,8.5486],[126.3407,8.5428],[126.338,8.5372],[126.3443,8.5354],[126.3375,8.5296],[126.3241,8.5373],[126.3167,8.5317],[126.313,8.5386],[126.2879,8.5291],[126.2624,8.5505],[126.241,8.5483],[126.2075,8.5578],[126.1871,8.5523],[126.1882,8.5463],[126.213,8.5422],[126.2279,8.5265],[126.1937,8.5264],[126.16,8.5412],[126.1639,8.5311],[126.1432,8.5296],[126.123,8.5426],[126.121,8.5605],[126.1129,8.5669],[126.125,8.5829],[126.0823,8.612],[126.0968,8.6237],[126.0978,8.6458],[126.1234,8.6578],[126.1275,8.6543],[126.1394,8.6649],[126.1354,8.6711],[126.172,8.681],[126.188,8.6994],[126.2131,8.6915],[126.245,8.6951],[126.2121,8.7106],[126.213,8.7332],[126.2265,8.7434],[126.2376,8.7403],[126.2387,8.7628],[126.2541,8.7734],[126.2563,8.7672],[126.2664,8.7746],[126.2886,8.7725],[126.3023,8.7819],[126.3013,8.8058],[126.3274,8.8248],[126.3149,8.8377],[126.3346,8.8406],[126.3235,8.8701],[126.3073,8.8798],[126.3251,8.8966],[126.3253,8.9195],[126.3122,8.9157],[126.311,8.9258],[126.3036,8.9276],[126.2983,8.9202],[126.2906,8.927],[126.3106,8.9362],[126.3067,8.9561],[126.2889,8.9759],[126.2816,8.9674],[126.2713,8.9695],[126.2754,8.9828],[126.242,9.0154],[126.2356,9.0083],[126.224,9.0184],[126.2378,9.0179],[126.2113,9.0506],[126.2095,9.0705],[126.2017,9.0724],[126.2001,9.0867],[126.1945,9.0838],[126.1975,9.0898],[126.1937,9.0777],[126.1803,9.0794],[126.158,9.1051],[126.1794,9.1607],[126.1733,9.173],[126.1805,9.1919],[126.1748,9.2022],[126.1854,9.2196],[126.1812,9.2443],[126.1972,9.2702],[126.1907,9.2884],[126.2072,9.306],[126.1889,9.3132],[126.1799,9.3045],[126.1699,9.3093],[126.1186,9.2566],[126.0566,9.2332],[126.0504,9.2373],[126.026,9.2575],[125.9843,9.3224],[125.9863,9.3423],[125.9744,9.3506],[125.9716,9.3666],[125.9743,9.3745],[125.988,9.3794],[125.9834,9.3908],[125.9881,9.4035],[125.9719,9.3938],[125.97,9.3778],[125.942,9.3707],[125.9322,9.3771],[125.9308,9.3843],[125.9371,9.3866],[125.9303,9.3864],[125.9322,9.3953],[125.9191,9.3873],[125.9164,9.3986],[125.8938,9.4138],[125.8948,9.4286],[125.9232,9.4369],[125.9226,9.444],[125.9302,9.4375],[125.9392,9.4451],[125.9455,9.4383],[125.9539,9.4414],[125.9591,9.4516],[125.9496,9.4568],[125.9624,9.4799],[125.9485,9.4845],[125.9464,9.4658],[125.9387,9.4745],[125.9431,9.4455],[125.9313,9.4555],[125.9272,9.4736],[125.9174,9.475],[125.9226,9.4843],[125.9172,9.496],[125.9077,9.5017],[125.909,9.4907],[125.8983,9.4968],[125.8876,9.4916],[125.8755,9.4989],[125.8768,9.5159],[125.8683,9.518],[125.8609,9.5343],[125.7901,9.5584],[125.7661,9.5532],[125.7592,9.5618],[125.7401,9.5663],[125.7403,9.5915],[125.7331,9.5819],[125.7101,9.5965],[125.6549,9.6022],[125.6402,9.6098],[125.6084,9.6337],[125.6048,9.6566],[125.5975,9.6619],[125.6063,9.6769],[125.5907,9.6942],[125.5946,9.7048],[125.5983,9.7009],[125.6099,9.7098],[125.6118,9.7252],[125.6046,9.7311],[125.6153,9.7349],[125.6188,9.751],[125.5996,9.7546],[125.5994,9.7465],[125.5931,9.7512],[125.5907,9.731],[125.5872,9.7403],[125.583,9.7343],[125.582,9.7458],[125.5722,9.7452],[125.5738,9.7334],[125.5663,9.743],[125.5763,9.757],[125.5732,9.7621],[125.5587,9.7511],[125.5567,9.7644],[125.5343,9.7732],[125.5276,9.7669],[125.5059,9.7661],[125.4963,9.7767],[125.5023,9.7834],[125.4957,9.7925],[125.4594,9.801],[125.4555,9.8156],[125.4412,9.8247]]],[[[123.8239,9.9112],[123.8084,9.9072],[123.8201,9.8904],[123.8356,9.8856],[123.8623,9.9066],[123.8397,9.901],[123.8239,9.9112]]],[[[124.6155,10.1531],[124.5926,10.1463],[124.5947,10.1399],[124.5853,10.1339],[124.5804,10.1387],[124.5817,10.1295],[124.5708,10.1267],[124.5757,10.111],[124.561,10.1185],[124.5549,10.1321],[124.5526,10.1145],[124.5398,10.1104],[124.525,10.1181],[124.5219,10.1035],[124.5257,10.097],[124.5337,10.1002],[124.5357,10.0848],[124.5296,10.0861],[124.5267,10.0758],[124.5346,10.0549],[124.5525,10.055],[124.5478,10.0668],[124.561,10.0694],[124.5499,10.0804],[124.5611,10.0924],[124.5826,10.0953],[124.5942,10.0814],[124.6042,10.0873],[124.6023,10.1143],[124.5864,10.1099],[124.5996,10.1364],[124.618,10.1479],[124.6155,10.1531]]],[[[125.1292,10.1619],[125.1165,10.1576],[125.1164,10.1128],[125.1348,10.0617],[125.1866,10.037],[125.2233,9.9627],[125.2377,9.9627],[125.2482,9.9478],[125.2557,9.914],[125.2874,9.912],[125.2991,9.926],[125.2721,9.9699],[125.2802,9.9946],[125.2439,10.0427],[125.2127,10.128],[125.1643,10.1335],[125.1292,10.1619]]],[[[124.2899,10.1736],[124.2822,10.1734],[124.2886,10.163],[124.2789,10.1546],[124.2472,10.1637],[124.2077,10.1616],[124.1978,10.1494],[124.1941,10.1545],[124.1949,10.1487],[124.1782,10.1458],[124.1518,10.1534],[124.1335,10.1256],[124.1375,10.1122],[124.1174,10.0856],[124.1133,10.0908],[124.0975,10.0777],[124.099,10.0638],[124.0825,10.0618],[124.0797,10.0764],[124.0628,10.0689],[124.0454,9.988],[124.0275,9.9672],[123.9577,9.9566],[123.9608,9.9513],[123.9526,9.9421],[123.9107,9.9325],[123.891,9.9102],[123.8919,9.9269],[123.8801,9.9281],[123.8826,9.9194],[123.8667,9.9108],[123.875,9.8977],[123.8701,9.8906],[123.8533,9.8907],[123.8424,9.8766],[123.8399,9.8832],[123.8377,9.861],[123.828,9.8622],[123.8104,9.8398],[123.8013,9.8409],[123.8071,9.8318],[123.7981,9.8259],[123.7844,9.7931],[123.7871,9.74],[123.7972,9.7329],[123.835,9.7427],[123.8566,9.7252],[123.8489,9.7189],[123.8657,9.7158],[123.844,9.6673],[123.85,9.6492],[123.8444,9.6507],[123.8536,9.6369],[123.9665,9.6016],[123.9743,9.6057],[123.9824,9.598],[123.9994,9.6048],[124.0031,9.5975],[124.0091,9.6027],[124.0121,9.5965],[124.0343,9.5986],[124.055,9.5894],[124.1031,9.5896],[124.1856,9.6099],[124.2231,9.6055],[124.2364,9.5973],[124.2588,9.5985],[124.3139,9.6223],[124.3588,9.6298],[124.3616,9.6399],[124.368,9.6395],[124.3654,9.6494],[124.3997,9.653],[124.4082,9.7102],[124.4271,9.7211],[124.4476,9.7216],[124.4845,9.7609],[124.4969,9.7625],[124.5048,9.7337],[124.5203,9.7219],[124.5713,9.7324],[124.5814,9.7506],[124.5928,9.7561],[124.5971,9.8052],[124.5597,9.8163],[124.5466,9.8381],[124.5235,9.837],[124.5186,9.8414],[124.528,9.8433],[124.5136,9.8492],[124.532,9.8657],[124.5587,9.8716],[124.5701,9.8857],[124.5676,9.9056],[124.5762,9.913],[124.537,9.9219],[124.5548,9.929],[124.5439,9.9478],[124.5523,9.953],[124.5437,9.9768],[124.5547,9.9883],[124.5589,9.9717],[124.5702,9.9771],[124.5681,9.9992],[124.5593,9.9995],[124.56,10.0103],[124.5516,10.0123],[124.5567,10.0259],[124.5457,10.0327],[124.547,10.0409],[124.5282,10.0444],[124.5186,10.0652],[124.5047,10.0762],[124.4948,10.0573],[124.4618,10.0631],[124.4435,10.0839],[124.4221,10.0901],[124.4159,10.1018],[124.3897,10.1021],[124.3921,10.1298],[124.3709,10.1536],[124.3553,10.1276],[124.3408,10.1258],[124.3421,10.1376],[124.3281,10.15],[124.3315,10.1568],[124.3245,10.1538],[124.3139,10.1653],[124.2987,10.1649],[124.2899,10.1736]]],[[[124.3815,10.1846],[124.3659,10.1748],[124.3497,10.1747],[124.3522,10.1654],[124.3792,10.1673],[124.3923,10.1774],[124.3815,10.1846]]],[[[124.2589,10.2065],[124.2298,10.1938],[124.2037,10.1967],[124.1975,10.1875],[124.2041,10.1821],[124.225,10.1914],[124.2262,10.1841],[124.2061,10.1781],[124.237,10.1784],[124.2378,10.1885],[124.2497,10.189],[124.2639,10.2026],[124.2589,10.2065]]],[[[124.0699,10.2888],[124.0472,10.2771],[124.0557,10.2689],[124.0424,10.273],[124.0478,10.2672],[124.0299,10.259],[124.0199,10.2414],[124.0325,10.253],[124.0278,10.2423],[124.0446,10.2413],[124.041,10.2555],[124.0493,10.2562],[124.0546,10.2373],[124.0737,10.2807],[124.0699,10.2888]]],[[[124.0439,10.3343],[124.0168,10.3131],[123.9957,10.3195],[123.9876,10.3342],[123.9431,10.3111],[123.9341,10.2926],[123.9252,10.2947],[123.9345,10.2913],[123.9226,10.2699],[123.9277,10.2638],[123.9348,10.2694],[123.9394,10.2654],[123.932,10.2504],[123.956,10.2421],[123.9527,10.2486],[123.9681,10.2605],[123.9754,10.2539],[123.9835,10.2588],[123.9925,10.2715],[123.9895,10.278],[124.0133,10.2936],[124.0439,10.3343]]],[[[122.706,10.4746],[122.6868,10.468],[122.6927,10.4571],[122.6833,10.4436],[122.692,10.4406],[122.7047,10.4502],[122.7281,10.4532],[122.706,10.4746]]],[[[119.0691,10.5125],[119.0566,10.5056],[119.063,10.4972],[119.0547,10.4894],[119.0773,10.4853],[119.083,10.5027],[119.0691,10.5125]]],[[[119.1609,10.5928],[119.1422,10.5794],[119.1382,10.5868],[119.1284,10.582],[119.1296,10.5901],[119.1196,10.5851],[119.1192,10.5768],[119.1354,10.5715],[119.1191,10.5494],[119.1299,10.5554],[119.1417,10.551],[119.1383,10.5548],[119.1482,10.5579],[119.1527,10.5691],[119.1654,10.563],[119.1744,10.5702],[119.1848,10.5628],[119.198,10.5643],[119.1754,10.5808],[119.1765,10.5727],[119.1603,10.5723],[119.1609,10.5928]]],[[[119.8277,10.6525],[119.8341,10.6126],[119.8242,10.6072],[119.8218,10.5953],[119.8047,10.5875],[119.7968,10.5714],[119.8057,10.5664],[119.7905,10.5625],[119.7967,10.5545],[119.7929,10.5468],[119.7849,10.5573],[119.767,10.5588],[119.764,10.5651],[119.7424,10.5497],[119.7496,10.5533],[119.742,10.526],[119.7487,10.5177],[119.7552,10.5328],[119.7649,10.5281],[119.7704,10.4729],[119.7622,10.4645],[119.773,10.4507],[119.7967,10.4518],[119.8049,10.4412],[119.8743,10.4611],[119.8761,10.469],[119.8652,10.4695],[119.8558,10.4852],[119.8891,10.4781],[119.903,10.4833],[119.9126,10.4746],[119.9239,10.4832],[119.911,10.4951],[119.9053,10.5216],[119.8961,10.5212],[119.8995,10.5419],[119.8896,10.5407],[119.8836,10.5508],[119.895,10.5532],[119.9059,10.5456],[119.9105,10.5162],[119.9242,10.5185],[119.9305,10.5042],[119.9361,10.5074],[119.9353,10.5279],[119.9449,10.536],[119.9478,10.5187],[119.9584,10.5175],[119.97,10.5306],[119.983,10.5307],[119.9823,10.5424],[119.9693,10.5493],[119.9803,10.5517],[119.9784,10.5699],[119.9904,10.563],[119.9862,10.5497],[120.0014,10.5521],[120.0034,10.5654],[119.9918,10.5747],[119.9945,10.5917],[119.9827,10.6],[119.9585,10.5987],[119.9393,10.6078],[119.9046,10.5984],[119.8687,10.6343],[119.8622,10.6198],[119.8549,10.6344],[119.843,10.6373],[119.8402,10.6506],[119.8277,10.6525]]],[[[124.4363,10.7179],[124.4106,10.7034],[124.394,10.6561],[124.3832,10.6466],[124.3753,10.6892],[124.3443,10.7086],[124.3158,10.7091],[124.3043,10.644],[124.278,10.6124],[124.2756,10.5902],[124.3125,10.5867],[124.3354,10.6087],[124.3807,10.6232],[124.3834,10.6454],[124.4011,10.6286],[124.4418,10.627],[124.4868,10.6375],[124.5145,10.656],[124.512,10.677],[124.4862,10.6983],[124.4363,10.7179]]],[[[122.6582,10.7542],[122.6489,10.7505],[122.647,10.7379],[122.6577,10.7336],[122.6487,10.7367],[122.6149,10.7189],[122.6106,10.7049],[122.6172,10.687],[122.6086,10.675],[122.5917,10.6735],[122.579,10.658],[122.5691,10.6671],[122.5608,10.6648],[122.5623,10.6414],[122.5521,10.6275],[122.5273,10.615],[122.5298,10.6033],[122.5187,10.6006],[122.5111,10.5828],[122.5163,10.5573],[122.5223,10.5635],[122.5195,10.5547],[122.5267,10.5554],[122.5199,10.5524],[122.5225,10.5397],[122.5368,10.5504],[122.5435,10.5402],[122.5303,10.537],[122.5311,10.5303],[122.5104,10.5326],[122.5242,10.518],[122.52,10.5118],[122.4989,10.5092],[122.4961,10.5031],[122.4826,10.506],[122.4747,10.4814],[122.4786,10.4761],[122.4841,10.4869],[122.4825,10.4769],[122.4934,10.4784],[122.4859,10.4637],[122.5075,10.4693],[122.4996,10.463],[122.509,10.4572],[122.5021,10.4531],[122.509,10.4509],[122.505,10.44],[122.5127,10.4315],[122.51,10.4206],[122.5162,10.4207],[122.5146,10.4068],[122.5422,10.4073],[122.5707,10.4483],[122.582,10.4542],[122.5938,10.4452],[122.5795,10.443],[122.5814,10.4289],[122.6051,10.4385],[122.6271,10.4344],[122.6288,10.4451],[122.6394,10.444],[122.6451,10.4718],[122.666,10.4733],[122.6658,10.4883],[122.6815,10.4996],[122.6842,10.5322],[122.6929,10.5375],[122.7099,10.5897],[122.7267,10.6155],[122.7206,10.6298],[122.7257,10.6395],[122.7159,10.6581],[122.7221,10.6925],[122.7139,10.7156],[122.6582,10.7542]]],[[[124.5642,10.814],[124.534,10.8],[124.4998,10.76],[124.4938,10.7445],[124.5014,10.729],[124.5305,10.742],[124.5464,10.7593],[124.5565,10.7738],[124.5554,10.7892],[124.571,10.8057],[124.5642,10.814]]],[[[125.6938,10.8235],[125.6604,10.7906],[125.6595,10.7615],[125.6702,10.7444],[125.7024,10.7361],[125.6975,10.7249],[125.7252,10.7177],[125.7521,10.6892],[125.7972,10.6902],[125.8108,10.6967],[125.82,10.7179],[125.8113,10.7308],[125.7186,10.746],[125.7105,10.7618],[125.7276,10.7976],[125.7186,10.8102],[125.6938,10.8235]]],[[[120.9822,10.8293],[120.9617,10.8272],[120.9586,10.8174],[120.9675,10.8171],[120.9717,10.8076],[120.9853,10.8117],[120.9822,10.8293]]],[[[119.6258,10.8381],[119.6215,10.8287],[119.6327,10.8233],[119.6171,10.8212],[119.6284,10.8185],[119.6312,10.8115],[119.6216,10.8059],[119.632,10.7981],[119.6407,10.8019],[119.6414,10.821],[119.6258,10.8381]]],[[[121.0669,10.908],[121.0519,10.9049],[121.0547,10.8862],[121.0461,10.8725],[121.0391,10.8761],[121.0046,10.8568],[121.0073,10.8431],[120.9945,10.8298],[121.0046,10.8276],[121.0135,10.8046],[121.0222,10.8],[121.0394,10.7986],[121.0424,10.8092],[121.0655,10.8081],[121.059,10.8401],[121.0766,10.8473],[121.0822,10.8583],[121.0768,10.8689],[121.0609,10.8748],[121.0636,10.8861],[121.077,10.8882],[121.0799,10.8952],[121.0779,10.9037],[121.0669,10.908]]],[[[123.5448,10.9707],[123.5446,10.9623],[123.5565,10.9562],[123.5533,10.9507],[123.5729,10.9546],[123.563,10.9702],[123.5548,10.9636],[123.5564,10.9563],[123.5448,10.9707]]],[[[120.9495,10.9985],[120.9402,10.9949],[120.9383,10.9851],[120.9458,10.9739],[120.9588,10.9746],[120.9653,10.9823],[120.9495,10.9985]]],[[[123.201,11.0028],[123.1893,11.001],[123.1562,10.9729],[123.15,10.9791],[123.1293,10.9703],[123.0742,10.9148],[123.0632,10.9167],[123.06,10.9101],[123.0577,10.918],[123.0359,10.9236],[123.0272,10.9152],[122.9898,10.9107],[122.9792,10.898],[122.9523,10.8943],[122.9592,10.8854],[122.9574,10.8685],[122.9483,10.8634],[122.9493,10.8519],[122.9421,10.861],[122.9491,10.8064],[122.9631,10.8044],[122.9681,10.7935],[122.9611,10.7696],[122.9627,10.7304],[122.9459,10.726],[122.9489,10.7065],[122.9394,10.7017],[122.949,10.7035],[122.9501,10.6827],[122.9359,10.6915],[122.9333,10.6853],[122.9434,10.6811],[122.9349,10.6776],[122.9416,10.6751],[122.9275,10.6563],[122.9184,10.6123],[122.8968,10.5999],[122.8997,10.5917],[122.8829,10.5815],[122.8805,10.5638],[122.8549,10.5482],[122.8239,10.5513],[122.7933,10.5188],[122.8127,10.5015],[122.8254,10.4387],[122.8569,10.4069],[122.8608,10.3789],[122.8667,10.3785],[122.8659,10.3529],[122.8418,10.2979],[122.8492,10.2772],[122.8419,10.2671],[122.8452,10.2477],[122.8384,10.2288],[122.8433,10.2297],[122.8394,10.2166],[122.847,10.2146],[122.8419,10.2089],[122.8598,10.1567],[122.8611,10.1018],[122.8678,10.0951],[122.8234,10.0605],[122.8035,10.0608],[122.7843,10.0753],[122.7746,10.0581],[122.7471,10.0427],[122.6998,9.9949],[122.6607,9.977],[122.6196,9.9751],[122.508,9.9866],[122.4509,9.9761],[122.4507,9.9599],[122.4395,9.9581],[122.4473,9.9465],[122.4353,9.9045],[122.4175,9.8927],[122.3994,9.8549],[122.376,9.8362],[122.3872,9.8349],[122.3852,9.8218],[122.3979,9.8195],[122.3975,9.8084],[122.4044,9.8043],[122.3977,9.8062],[122.4009,9.7972],[122.3891,9.7905],[122.3981,9.7578],[122.4037,9.7571],[122.398,9.7548],[122.4008,9.7403],[122.3941,9.7399],[122.3965,9.7275],[122.3879,9.7277],[122.3814,9.7058],[122.397,9.6915],[122.4125,9.7057],[122.4205,9.7022],[122.4201,9.6926],[122.3985,9.6769],[122.4084,9.6594],[122.4341,9.6719],[122.4414,9.6582],[122.4447,9.6659],[122.4584,9.6593],[122.4559,9.6349],[122.4442,9.631],[122.4433,9.6203],[122.466,9.6244],[122.4603,9.6091],[122.4807,9.5648],[122.519,9.5432],[122.5167,9.5342],[122.5344,9.5156],[122.5359,9.4955],[122.5519,9.4748],[122.6104,9.4209],[122.6273,9.4201],[122.6744,9.3798],[122.7832,9.3663],[122.8129,9.357],[122.8426,9.3315],[122.8703,9.3256],[122.8782,9.2706],[122.8712,9.2519],[122.909,9.1371],[122.921,9.1243],[122.9403,9.0768],[122.9665,9.0688],[123.015,9.0385],[123.0331,9.0499],[123.0593,9.0514],[123.0738,9.0667],[123.1119,9.0539],[123.1314,9.063],[123.1175,9.0537],[123.1282,9.0459],[123.1518,9.0759],[123.1491,9.0678],[123.1799,9.0931],[123.2026,9.0938],[123.2122,9.1206],[123.2414,9.1504],[123.2545,9.1765],[123.2707,9.1875],[123.2932,9.2303],[123.312,9.301],[123.3078,9.3414],[123.2982,9.3546],[123.2667,9.3713],[123.2351,9.4257],[123.2385,9.4471],[123.2305,9.4637],[123.1844,9.4793],[123.175,9.5141],[123.1542,9.5479],[123.1471,9.545],[123.1469,9.5546],[123.1453,9.5442],[123.124,9.5515],[123.1177,9.547],[123.1334,9.5849],[123.1535,9.5779],[123.15,9.5618],[123.158,9.5622],[123.1637,9.5773],[123.154,9.5858],[123.1569,9.5961],[123.1441,9.5995],[123.1403,9.5941],[123.1373,9.6057],[123.1267,9.6096],[123.123,9.599],[123.1161,9.621],[123.1047,9.6299],[123.1172,9.6426],[123.1119,9.651],[123.1243,9.657],[123.145,9.6522],[123.1571,9.6326],[123.1492,9.6657],[123.1607,9.708],[123.152,9.7302],[123.154,9.7511],[123.1445,9.7683],[123.1517,9.7806],[123.1467,9.7971],[123.1343,9.8024],[123.142,9.8027],[123.1437,9.8192],[123.1317,9.8385],[123.1395,9.8375],[123.1381,9.8466],[123.1511,9.8543],[123.1506,9.9045],[123.1575,9.9165],[123.1777,9.9237],[123.1831,9.9551],[123.2133,9.9974],[123.2282,10.0038],[123.2265,10.0163],[123.2813,10.1291],[123.2857,10.1864],[123.2955,10.1917],[123.3043,10.2226],[123.3187,10.2367],[123.3315,10.2781],[123.3256,10.3432],[123.3571,10.4364],[123.3666,10.4415],[123.3668,10.4511],[123.3959,10.4696],[123.4236,10.4768],[123.4333,10.5005],[123.444,10.499],[123.4492,10.5137],[123.4639,10.5221],[123.457,10.5363],[123.4731,10.5482],[123.4694,10.5644],[123.4927,10.613],[123.5091,10.7076],[123.5241,10.7162],[123.5171,10.7255],[123.5312,10.7403],[123.5308,10.7597],[123.5444,10.7524],[123.5451,10.7673],[123.5598,10.7743],[123.5595,10.7882],[123.5683,10.7944],[123.5598,10.8137],[123.5489,10.8127],[123.567,10.8282],[123.5657,10.8439],[123.5443,10.8339],[123.5321,10.837],[123.5362,10.8499],[123.5228,10.8601],[123.5215,10.8766],[123.5276,10.8805],[123.516,10.8888],[123.5203,10.8998],[123.515,10.9077],[123.5017,10.9097],[123.5145,10.9181],[123.5081,10.9259],[123.4964,10.9242],[123.4929,10.935],[123.4648,10.9157],[123.4656,10.9268],[123.4286,10.9501],[123.4084,10.9529],[123.3957,10.9422],[123.3937,10.9568],[123.3731,10.9612],[123.3484,10.9499],[123.3236,10.9512],[123.3257,10.9597],[123.3196,10.9485],[123.3124,10.9614],[123.2957,10.9609],[123.2666,10.9862],[123.239,10.9896],[123.249,10.9923],[123.2466,10.9978],[123.2262,10.9944],[123.201,11.0028]]],[[[125.6277,11.0059],[125.6166,11.0014],[125.618,10.9875],[125.637,10.9749],[125.6529,10.9811],[125.6543,11.0024],[125.6277,11.0059]]],[[[119.2915,11.023],[119.2848,11.0119],[119.2821,11.0185],[119.2693,11.0186],[119.2675,11.0014],[119.2741,10.9972],[119.2624,10.9828],[119.2715,10.958],[119.292,10.9481],[119.3006,10.9593],[119.289,10.9835],[119.302,10.9932],[119.2991,11.0072],[119.3047,11.0131],[119.2915,11.023]]],[[[119.7081,11.0575],[119.6987,11.0532],[119.6985,11.0311],[119.7036,11.0266],[119.7181,11.0345],[119.7236,11.0296],[119.7257,11.0422],[119.7178,11.0418],[119.7081,11.0575]]],[[[119.6845,11.0721],[119.6853,11.064],[119.6781,11.0667],[119.6802,11.0583],[119.6719,11.055],[119.6747,11.0291],[119.6912,11.0469],[119.6967,11.0643],[119.6845,11.0721]]],[[[123.6475,11.0931],[123.646,11.0864],[123.6357,11.0851],[123.6363,11.0662],[123.6513,11.0751],[123.6593,11.0924],[123.6475,11.0931]]],[[[119.585,11.1001],[119.5602,11.0627],[119.5611,11.044],[119.5931,11.0286],[119.5985,11.0338],[119.5975,11.0118],[119.6105,11.005],[119.629,11.0234],[119.6337,10.9949],[119.6429,11.0253],[119.6394,11.0378],[119.634,11.0324],[119.6252,11.0368],[119.6278,11.0448],[119.618,11.0599],[119.6165,11.0735],[119.6243,11.0858],[119.5891,11.0877],[119.585,11.1001]]],[[[119.6878,11.1231],[119.6669,11.1214],[119.6863,11.0898],[119.6768,11.0761],[119.694,11.0841],[119.698,11.0934],[119.6878,11.1231]]],[[[123.145,11.1543],[123.1408,11.1472],[123.1139,11.1459],[123.1078,11.1362],[123.1177,11.0993],[123.1358,11.1187],[123.1432,11.1406],[123.1523,11.1422],[123.1519,11.1524],[123.145,11.1543]]],[[[119.3199,11.1593],[119.3096,11.1557],[119.3052,11.1434],[119.322,11.1437],[119.3242,11.1527],[119.3186,11.1561],[119.3264,11.1529],[119.3199,11.1593]]],[[[120.9786,11.1738],[120.9615,11.1614],[120.9422,11.1589],[120.9385,11.1432],[120.9448,11.1356],[120.966,11.1337],[120.9873,11.1542],[120.9877,11.168],[120.9786,11.1738]]],[[[119.5987,11.1966],[119.5915,11.1926],[119.5896,11.1749],[119.57,11.1811],[119.5561,11.1732],[119.5541,11.1558],[119.5628,11.1379],[119.5847,11.1471],[119.5941,11.141],[119.5957,11.1616],[119.6062,11.1507],[119.6253,11.1622],[119.6279,11.1866],[119.5987,11.1966]]],[[[119.3475,11.2471],[119.3459,11.2247],[119.3393,11.2228],[119.3442,11.2089],[119.3577,11.2087],[119.3805,11.1945],[119.3766,11.226],[119.3712,11.2177],[119.3596,11.2189],[119.3554,11.2452],[119.3475,11.2471]]],[[[124.0635,11.2857],[124.0256,11.2796],[124.0198,11.2698],[123.9984,11.2712],[123.9991,11.249],[123.9904,11.2289],[123.9442,11.1868],[123.9428,11.1565],[123.9505,11.1369],[123.9639,11.1251],[123.9556,11.1017],[123.9682,11.0812],[123.9485,11.0891],[123.9338,11.1066],[123.9353,11.068],[123.9013,11.0342],[123.9215,11.0025],[123.928,11.0092],[123.9335,10.9938],[123.9188,10.9632],[123.9215,10.9498],[123.9105,10.9336],[123.902,10.9323],[123.869,10.8373],[123.8741,10.8308],[123.8675,10.8314],[123.8653,10.811],[123.838,10.7741],[123.8311,10.7333],[123.8,10.7213],[123.7914,10.6924],[123.7417,10.6339],[123.7469,10.6142],[123.7299,10.5757],[123.7122,10.5679],[123.7125,10.5528],[123.7037,10.5434],[123.7038,10.5141],[123.7145,10.4969],[123.6982,10.482],[123.6874,10.4816],[123.6908,10.4638],[123.6758,10.4557],[123.667,10.4133],[123.6432,10.4027],[123.6376,10.3786],[123.5863,10.3387],[123.5796,10.3229],[123.5856,10.3073],[123.5783,10.2943],[123.5828,10.2639],[123.5749,10.2452],[123.57,10.2477],[123.5518,10.2315],[123.5286,10.1956],[123.5146,10.1484],[123.491,10.1269],[123.4919,10.1168],[123.4831,10.1186],[123.4494,10.0813],[123.4423,10.0612],[123.4146,10.0517],[123.4058,10.022],[123.4099,10.0027],[123.3992,9.9824],[123.4028,9.9728],[123.3916,9.9714],[123.3895,9.9624],[123.3828,9.997],[123.3712,9.9935],[123.3659,9.947],[123.3754,9.9341],[123.3959,9.9326],[123.3998,9.881],[123.3873,9.8651],[123.3709,9.8695],[123.3715,9.8171],[123.3445,9.7861],[123.3386,9.7134],[123.326,9.6774],[123.326,9.6377],[123.2983,9.4999],[123.3016,9.4167],[123.3292,9.4129],[123.3544,9.4254],[123.3971,9.4931],[123.4355,9.5205],[123.466,9.5707],[123.4784,9.6009],[123.4729,9.6063],[123.4801,9.63],[123.5017,9.6659],[123.5103,9.696],[123.51,9.7315],[123.5223,9.7506],[123.5375,9.7581],[123.5309,9.7753],[123.5371,9.8054],[123.5595,9.8161],[123.5749,9.8594],[123.6088,9.8748],[123.6054,9.8981],[123.6249,9.9498],[123.6199,9.9614],[123.6252,9.9802],[123.6143,9.9963],[123.6397,10.0835],[123.6562,10.0918],[123.6629,10.0883],[123.6591,10.0818],[123.6812,10.0859],[123.6842,10.1271],[123.7242,10.1771],[123.7363,10.1778],[123.756,10.1958],[123.7661,10.2264],[123.7992,10.238],[123.8342,10.2342],[123.8631,10.2485],[123.8817,10.2694],[123.8855,10.2894],[123.8903,10.2853],[123.9091,10.2921],[123.9409,10.3219],[123.9496,10.3191],[123.97,10.3315],[123.9757,10.3431],[123.9593,10.3594],[123.9704,10.3595],[123.9724,10.3671],[123.9696,10.3501],[123.99,10.3507],[123.9996,10.3596],[124.0011,10.3543],[124.0213,10.3833],[124.0018,10.3965],[123.9984,10.4147],[124.033,10.4973],[124.0275,10.5133],[124.0363,10.5518],[124.0255,10.5529],[124.0231,10.5663],[124.0311,10.5773],[124.0226,10.5669],[124.0274,10.5781],[124.0182,10.5861],[124.031,10.5935],[124.0337,10.5819],[124.026,10.6049],[124.0289,10.6332],[124.012,10.7006],[124.0165,10.7303],[124.0043,10.7552],[124.0108,10.7691],[124.029,10.7825],[124.0314,10.8399],[124.0399,10.8442],[124.0402,10.8609],[124.054,10.8818],[124.0452,10.9106],[124.0352,10.9126],[124.0298,10.9292],[124.0297,10.9469],[124.0384,10.9531],[124.0442,10.9758],[124.0373,11.0398],[124.0423,11.0546],[124.0113,11.0587],[123.998,11.0511],[123.9936,11.0626],[124.0018,11.0735],[123.9825,11.0734],[124.009,11.1183],[124.0216,11.1205],[124.0348,11.1467],[124.0375,11.2064],[124.0702,11.2556],[124.057,11.2627],[124.0635,11.2857]]],[[[123.733,11.2995],[123.7246,11.2962],[123.7105,11.2548],[123.7021,11.2519],[123.7064,11.2466],[123.701,11.2492],[123.688,11.2255],[123.7131,11.1808],[123.7141,11.1648],[123.7287,11.1619],[123.7176,11.1483],[123.7208,11.1372],[123.7329,11.1375],[123.7523,11.1511],[123.7823,11.1462],[123.808,11.1518],[123.8037,11.1716],[123.7746,11.1966],[123.758,11.2683],[123.733,11.2995]]],[[[123.1613,11.3127],[123.1534,11.3034],[123.1567,11.2821],[123.1483,11.2677],[123.1501,11.2474],[123.1594,11.2593],[123.1666,11.2541],[123.1684,11.2722],[123.1939,11.2913],[123.1806,11.3061],[123.1706,11.2999],[123.1713,11.3088],[123.1613,11.3127]]],[[[120.6886,11.3206],[120.6771,11.3185],[120.6715,11.3053],[120.6773,11.3084],[120.6879,11.2987],[120.6743,11.3015],[120.6858,11.2904],[120.6992,11.3016],[120.6935,11.3063],[120.6964,11.3181],[120.6886,11.3206]]],[[[119.6904,11.3256],[119.6805,11.322],[119.6759,11.3077],[119.6653,11.3127],[119.6563,11.2993],[119.6654,11.2697],[119.6769,11.2631],[119.6787,11.2819],[119.6958,11.3108],[119.6904,11.3256]]],[[[120.0899,11.3922],[120.0789,11.3886],[120.0944,11.3843],[120.0898,11.3676],[120.1086,11.3644],[120.1125,11.3809],[120.0899,11.3922]]],[[[119.4769,11.4254],[119.4797,11.407],[119.469,11.4017],[119.4771,11.3764],[119.4726,11.3625],[119.4514,11.348],[119.4515,11.3326],[119.4316,11.3458],[119.4258,11.3178],[119.4105,11.3114],[119.4181,11.3091],[119.4199,11.2941],[119.4207,11.2573],[119.412,11.2483],[119.4227,11.2338],[119.4165,11.2099],[119.3987,11.2014],[119.3908,11.1814],[119.3849,11.1805],[119.3814,11.1892],[119.3751,11.1833],[119.3849,11.1672],[119.3958,11.1679],[119.3926,11.1442],[119.4002,11.1325],[119.4049,11.1442],[119.4247,11.1493],[119.424,11.1094],[119.4142,11.1103],[119.4227,11.0896],[119.4155,11.0771],[119.4171,11.0369],[119.4105,11.0312],[119.4052,11.0451],[119.4003,11.0321],[119.3831,11.0403],[119.3816,11.0484],[119.3721,11.043],[119.3463,11.0741],[119.3454,11.0826],[119.3544,11.0887],[119.3405,11.0847],[119.3353,11.1051],[119.3255,11.1065],[119.3235,11.0579],[119.3279,11.0603],[119.332,11.0505],[119.3373,11.0573],[119.3444,11.0547],[119.3288,11.0367],[119.3341,11.0283],[119.343,11.0334],[119.3447,11.0239],[119.3668,11.0091],[119.3579,10.9986],[119.3483,11.0032],[119.3466,10.9899],[119.3321,11.005],[119.3343,11.0198],[119.3201,11.0344],[119.3031,11.0078],[119.3126,10.9525],[119.3324,10.9504],[119.3104,10.9428],[119.3281,10.9339],[119.3288,10.9417],[119.3526,10.9481],[119.3616,10.937],[119.3339,10.8935],[119.3477,10.8954],[119.3529,10.8885],[119.3486,10.8712],[119.364,10.8741],[119.3723,10.8584],[119.3896,10.8709],[119.413,10.8719],[119.4188,10.8656],[119.4154,10.8557],[119.4278,10.857],[119.4389,10.8396],[119.4512,10.8492],[119.4498,10.8372],[119.4576,10.8324],[119.432,10.8313],[119.4401,10.8109],[119.434,10.8],[119.4626,10.7253],[119.4302,10.7188],[119.4156,10.7664],[119.4117,10.7542],[119.3942,10.7567],[119.3914,10.7664],[119.3977,10.7609],[119.4052,10.7656],[119.3905,10.7908],[119.3776,10.7944],[119.3686,10.7887],[119.3591,10.8059],[119.3464,10.7983],[119.3475,10.8153],[119.3552,10.8147],[119.357,10.8213],[119.3445,10.8275],[119.3467,10.8206],[119.338,10.8215],[119.3414,10.8129],[119.3324,10.8102],[119.3237,10.8178],[119.3168,10.8466],[119.3115,10.8292],[119.2827,10.8476],[119.2925,10.8673],[119.3014,10.8643],[119.3081,10.8711],[119.2993,10.87],[119.3064,10.8735],[119.302,10.8781],[119.2762,10.8659],[119.2663,10.8701],[119.275,10.8842],[119.2863,10.882],[119.2988,10.8914],[119.2777,10.8924],[119.279,10.9061],[119.2902,10.9047],[119.2936,10.9111],[119.2753,10.9246],[119.2844,10.9364],[119.2734,10.9354],[119.2661,10.9471],[119.2508,10.9325],[119.2601,10.9184],[119.2444,10.91],[119.2447,10.9274],[119.2337,10.9304],[119.2429,10.9355],[119.2422,10.9506],[119.2311,10.9468],[119.231,10.9563],[119.2207,10.9545],[119.2148,10.9392],[119.2326,10.9336],[119.2138,10.905],[119.2249,10.9099],[119.2344,10.9016],[119.2401,10.9084],[119.2557,10.8964],[119.2593,10.8846],[119.2434,10.8854],[119.2406,10.871],[119.223,10.8781],[119.2231,10.8717],[119.2463,10.8603],[119.2339,10.8536],[119.21,10.8601],[119.2094,10.8487],[119.2241,10.8506],[119.2213,10.8432],[119.2284,10.847],[119.2311,10.841],[119.2422,10.8456],[119.2402,10.8331],[119.2595,10.8344],[119.2653,10.8254],[119.2622,10.7982],[119.2743,10.7648],[119.3031,10.7754],[119.3174,10.7705],[119.3232,10.7467],[119.337,10.7429],[119.3432,10.731],[119.3408,10.6982],[119.3167,10.6176],[119.3244,10.6101],[119.3173,10.5891],[119.2924,10.5566],[119.2644,10.5373],[119.255,10.5376],[119.2427,10.5519],[119.2405,10.5447],[119.2302,10.5477],[119.2393,10.5312],[119.251,10.5327],[119.2688,10.5131],[119.2588,10.5012],[119.2568,10.4846],[119.2437,10.4798],[119.2246,10.4881],[119.2156,10.4812],[119.2134,10.4605],[119.191,10.4522],[119.1762,10.4114],[119.164,10.4131],[119.1416,10.3991],[119.1471,10.3925],[119.1404,10.3891],[119.1422,10.3818],[119.1269,10.383],[119.1131,10.4113],[119.1181,10.4413],[119.1245,10.4465],[119.1114,10.4477],[119.1142,10.4601],[119.106,10.4583],[119.1024,10.468],[119.1216,10.4723],[119.1144,10.4844],[119.1072,10.4776],[119.0964,10.485],[119.091,10.4706],[119.0827,10.4804],[119.0842,10.4673],[119.0773,10.463],[119.0897,10.462],[119.0739,10.451],[119.0913,10.4519],[119.0863,10.443],[119.105,10.4339],[119.0919,10.418],[119.0637,10.423],[119.0763,10.4101],[119.0646,10.3887],[119.0496,10.3895],[119.0474,10.4041],[119.0366,10.3973],[119.0359,10.4122],[119.0242,10.4165],[119.0119,10.404],[119.0079,10.4086],[119.0015,10.4026],[118.9954,10.4131],[118.9867,10.4071],[118.992,10.3929],[118.9798,10.3853],[118.9831,10.3759],[118.9651,10.371],[118.9756,10.3561],[118.9718,10.3521],[118.976,10.3458],[118.9808,10.3531],[118.996,10.3535],[119.0069,10.3716],[119.0186,10.3754],[119.0206,10.36],[119.015,10.3551],[119.0268,10.3388],[119.0072,10.3441],[118.9966,10.3219],[119.0027,10.3181],[118.9985,10.3081],[118.9862,10.3011],[118.9715,10.3102],[118.9781,10.299],[118.9636,10.2839],[118.9426,10.2993],[118.9407,10.2891],[118.9324,10.2895],[118.9626,10.2696],[118.937,10.2641],[118.9527,10.251],[118.9388,10.2257],[118.9438,10.2191],[118.9378,10.2072],[118.8963,10.1963],[118.8807,10.209],[118.8656,10.2101],[118.8501,10.2028],[118.84,10.1877],[118.8312,10.1864],[118.8189,10.1973],[118.8061,10.1926],[118.8136,10.1342],[118.805,10.121],[118.8111,10.1109],[118.8403,10.1067],[118.8273,10.1006],[118.8261,10.0891],[118.8099,10.0699],[118.8095,10.0296],[118.8036,10.0271],[118.7939,10.0366],[118.7965,10.0228],[118.7762,10.0224],[118.7693,10.0441],[118.776,10.0468],[118.7752,10.0599],[118.7522,10.0648],[118.7413,10.0758],[118.7736,10.07],[118.7735,10.0858],[118.7637,10.096],[118.7701,10.0942],[118.7716,10.1028],[118.7635,10.1167],[118.7716,10.1162],[118.7602,10.1313],[118.7611,10.121],[118.7472,10.109],[118.7458,10.0835],[118.7266,10.0705],[118.7229,10.0357],[118.7094,10.0329],[118.7039,10.0384],[118.6938,10.032],[118.693,10.0193],[118.6686,10.0101],[118.6606,9.9986],[118.6446,10.003],[118.6516,9.9829],[118.6604,9.9829],[118.6634,9.9754],[118.6429,9.9593],[118.6482,9.9551],[118.6417,9.9483],[118.6444,9.9342],[118.6193,9.9158],[118.6049,9.9148],[118.6146,9.8918],[118.6058,9.8709],[118.5692,9.8475],[118.5658,9.8292],[118.5419,9.808],[118.5281,9.7826],[118.5137,9.7744],[118.5122,9.7608],[118.5025,9.7593],[118.4744,9.7319],[118.4487,9.7278],[118.4275,9.7041],[118.4194,9.7046],[118.4063,9.6631],[118.3911,9.6624],[118.375,9.6451],[118.3584,9.6566],[118.3407,9.6489],[118.331,9.6324],[118.341,9.616],[118.3288,9.5809],[118.2981,9.5637],[118.2843,9.5488],[118.2843,9.5346],[118.2462,9.5101],[118.2371,9.4923],[118.2243,9.4951],[118.1973,9.4715],[118.1845,9.4077],[118.1452,9.3956],[118.1275,9.3978],[118.1264,9.3815],[118.1162,9.3724],[118.1271,9.3429],[118.118,9.3419],[118.1098,9.3294],[118.0996,9.3384],[118.0869,9.3333],[118.0872,9.3165],[118.0787,9.3177],[118.0724,9.3035],[118.0468,9.2951],[118.05,9.2814],[118.0244,9.2661],[118.0277,9.2519],[118.019,9.2432],[118.0045,9.2466],[117.9923,9.2389],[117.984,9.2445],[117.9775,9.2519],[117.9853,9.2706],[117.9817,9.2806],[117.9536,9.2628],[117.953,9.2508],[117.9416,9.2583],[117.9361,9.2506],[117.9228,9.2614],[117.906,9.2612],[117.8823,9.244],[117.8846,9.2349],[117.8694,9.23],[117.8618,9.209],[117.8587,9.2167],[117.8486,9.2139],[117.8246,9.1884],[117.8101,9.1969],[117.8034,9.1803],[117.7757,9.1649],[117.7732,9.1463],[117.7805,9.1438],[117.76,9.1245],[117.7536,9.1084],[117.7587,9.0907],[117.7463,9.0678],[117.7408,9.0718],[117.733,9.0629],[117.7241,9.0713],[117.7104,9.0608],[117.6895,9.089],[117.6877,9.0734],[117.674,9.0691],[117.6637,9.074],[117.6401,9.0484],[117.6299,9.0483],[117.6306,9.0351],[117.6214,9.0301],[117.6215,8.9995],[117.5963,8.9825],[117.5779,8.959],[117.5479,8.9571],[117.5438,8.9346],[117.5302,8.933],[117.5292,8.921],[117.5167,8.9158],[117.508,8.8958],[117.4911,8.8887],[117.4928,8.8727],[117.4756,8.8524],[117.4673,8.855],[117.4562,8.8109],[117.4408,8.807],[117.4379,8.7986],[117.4319,8.8024],[117.4192,8.7858],[117.4317,8.77],[117.4247,8.7585],[117.3591,8.7447],[117.3626,8.7389],[117.347,8.7286],[117.3462,8.7127],[117.3224,8.6948],[117.3451,8.6984],[117.3299,8.6839],[117.3329,8.6726],[117.311,8.6687],[117.3033,8.6561],[117.2953,8.6561],[117.2756,8.6253],[117.2728,8.6014],[117.2672,8.5976],[117.2612,8.6141],[117.2547,8.6089],[117.2649,8.5799],[117.2475,8.565],[117.2376,8.568],[117.2435,8.5591],[117.2345,8.5497],[117.2408,8.5412],[117.218,8.5223],[117.2246,8.5134],[117.2112,8.4891],[117.219,8.4778],[117.2179,8.4664],[117.2094,8.4629],[117.2156,8.4585],[117.2147,8.4303],[117.1956,8.4089],[117.1774,8.3686],[117.1741,8.3413],[117.1819,8.3326],[117.2085,8.3346],[117.2187,8.3504],[117.2079,8.3609],[117.2209,8.356],[117.2228,8.3705],[117.2284,8.3621],[117.238,8.3686],[117.2645,8.4092],[117.2834,8.4104],[117.2903,8.4279],[117.3203,8.4531],[117.3307,8.4543],[117.3592,8.4782],[117.3683,8.4753],[117.3721,8.4939],[117.3993,8.4884],[117.415,8.4996],[117.4321,8.494],[117.4263,8.5044],[117.4308,8.5078],[117.4341,8.5011],[117.4524,8.5],[117.4563,8.5213],[117.4639,8.5206],[117.4635,8.5086],[117.4791,8.5079],[117.4867,8.4943],[117.5011,8.5011],[117.546,8.5909],[117.5303,8.6239],[117.5386,8.6339],[117.5351,8.6432],[117.5661,8.674],[117.589,8.6724],[117.6201,8.6563],[117.6742,8.6692],[117.6944,8.686],[117.7419,8.687],[117.7794,8.7142],[117.8078,8.7669],[117.8222,8.7746],[117.8369,8.7687],[117.8621,8.7915],[117.8706,8.8148],[117.8821,8.8187],[117.8845,8.8273],[117.9142,8.8466],[117.9281,8.8435],[117.9635,8.8724],[117.9814,8.8697],[117.9895,8.8843],[118.0019,8.8794],[118.009,8.8957],[118.0051,8.9053],[118.0163,8.9056],[118.0308,8.9466],[118.0428,8.9495],[118.0462,8.9694],[118.0603,8.9858],[118.056,8.9962],[118.0668,8.9949],[118.0596,9.0097],[118.0809,9.0143],[118.0856,9.0307],[118.0688,9.0479],[118.0889,9.0535],[118.0956,9.0448],[118.1024,9.052],[118.1048,9.1025],[118.1281,9.1483],[118.1373,9.1495],[118.1485,9.1349],[118.1542,9.148],[118.1722,9.1555],[118.1864,9.1529],[118.2132,9.17],[118.2217,9.1572],[118.2959,9.1827],[118.3285,9.1736],[118.3447,9.1782],[118.364,9.1951],[118.3634,9.2105],[118.3794,9.2157],[118.3817,9.227],[118.3883,9.2245],[118.3969,9.2434],[118.4213,9.2454],[118.4196,9.2609],[118.4296,9.2782],[118.4427,9.2759],[118.4674,9.302],[118.4896,9.2946],[118.5027,9.3264],[118.5168,9.3314],[118.5276,9.3575],[118.5393,9.3576],[118.5443,9.37],[118.5341,9.3734],[118.5382,9.3898],[118.5627,9.4148],[118.5617,9.423],[118.5687,9.4167],[118.565,9.4251],[118.5727,9.4402],[118.5869,9.4422],[118.5864,9.4559],[118.6031,9.4627],[118.6153,9.488],[118.6294,9.4786],[118.629,9.488],[118.6219,9.4902],[118.6228,9.5074],[118.6378,9.5047],[118.6582,9.557],[118.6749,9.562],[118.6953,9.5848],[118.705,9.6128],[118.7314,9.6367],[118.7363,9.6498],[118.7211,9.6483],[118.7217,9.6583],[118.73,9.6543],[118.7326,9.659],[118.734,9.6521],[118.7399,9.6622],[118.7477,9.6573],[118.7606,9.6666],[118.7613,9.6884],[118.7354,9.6808],[118.7312,9.6863],[118.7388,9.6958],[118.7315,9.7],[118.7207,9.6845],[118.7052,9.6807],[118.707,9.6898],[118.7292,9.7086],[118.6949,9.712],[118.7001,9.7371],[118.6903,9.7586],[118.6979,9.7773],[118.7161,9.7712],[118.7209,9.7887],[118.7255,9.7665],[118.7306,9.7772],[118.7356,9.7747],[118.7375,9.7453],[118.7263,9.7417],[118.7316,9.7314],[118.7662,9.7215],[118.7727,9.7288],[118.772,9.806],[118.7644,9.8159],[118.7548,9.8151],[118.757,9.8259],[118.7418,9.8417],[118.7481,9.8687],[118.741,9.8965],[118.7501,9.9285],[118.7573,9.9327],[118.7646,9.913],[118.7636,9.9303],[118.7719,9.9297],[118.773,9.9394],[118.794,9.945],[118.8026,9.9348],[118.8226,9.9381],[118.8447,9.965],[118.8659,9.9774],[118.8944,9.982],[118.8996,9.9747],[118.9125,9.9747],[118.9838,9.9862],[119.0783,10.0184],[119.154,10.0278],[119.1971,10.0478],[119.2178,10.0773],[119.2188,10.1033],[119.2272,10.1187],[119.2251,10.1454],[119.2357,10.1492],[119.2291,10.1626],[119.2328,10.1811],[119.2471,10.1818],[119.2431,10.2017],[119.2581,10.233],[119.2843,10.2543],[119.2925,10.2835],[119.306,10.2897],[119.3221,10.3108],[119.3525,10.3151],[119.3552,10.3281],[119.3718,10.3461],[119.3905,10.3443],[119.3933,10.3505],[119.4015,10.3456],[119.4144,10.3564],[119.4271,10.3518],[119.4564,10.3753],[119.4865,10.3726],[119.5109,10.3608],[119.57,10.3726],[119.5867,10.4224],[119.6322,10.4435],[119.6768,10.4926],[119.6943,10.5023],[119.7002,10.4937],[119.7165,10.5074],[119.7188,10.5176],[119.7087,10.5316],[119.6964,10.5199],[119.6926,10.5273],[119.7034,10.5419],[119.6694,10.5446],[119.6739,10.5563],[119.6618,10.5606],[119.6548,10.6076],[119.6402,10.6045],[119.6397,10.6227],[119.6257,10.6206],[119.6398,10.6347],[119.6222,10.6599],[119.6298,10.6628],[119.6391,10.6495],[119.6433,10.659],[119.6497,10.65],[119.6569,10.6599],[119.6677,10.6559],[119.6639,10.6643],[119.6483,10.6646],[119.6494,10.6735],[119.6578,10.6747],[119.6431,10.6776],[119.6385,10.6914],[119.6355,10.6819],[119.6277,10.6907],[119.6202,10.6827],[119.6293,10.6764],[119.6257,10.6684],[119.6164,10.6745],[119.6112,10.6622],[119.602,10.6703],[119.5982,10.6613],[119.5888,10.6691],[119.5787,10.6595],[119.5706,10.6642],[119.5734,10.6804],[119.586,10.6863],[119.5924,10.7181],[119.6014,10.7269],[119.5868,10.7446],[119.5951,10.7713],[119.5829,10.7734],[119.5768,10.7829],[119.5885,10.7818],[119.5953,10.7981],[119.5789,10.8126],[119.5986,10.8095],[119.5996,10.8217],[119.5865,10.8368],[119.5748,10.8384],[119.5345,10.8122],[119.5305,10.822],[119.5106,10.8291],[119.5091,10.8612],[119.4841,10.8735],[119.4991,10.9269],[119.4875,10.9615],[119.4965,10.9683],[119.4927,10.9905],[119.5023,11.0075],[119.5173,11.0174],[119.5243,11.0103],[119.5272,11.0157],[119.5613,10.9961],[119.5699,11.0074],[119.5511,11.062],[119.5613,11.0843],[119.5371,11.0684],[119.5252,11.0937],[119.5126,11.0971],[119.5003,11.1332],[119.5382,11.1745],[119.536,11.1951],[119.5547,11.2176],[119.5685,11.2921],[119.562,11.3003],[119.5642,11.3126],[119.5537,11.3197],[119.5539,11.3401],[119.5464,11.3407],[119.5378,11.322],[119.5103,11.3318],[119.5053,11.4151],[119.4938,11.4137],[119.4879,11.4238],[119.4769,11.4254]]],[[[119.642,11.4354],[119.6332,11.4304],[119.6416,11.4109],[119.6593,11.396],[119.6572,11.4048],[119.6674,11.4189],[119.6481,11.4128],[119.642,11.4354]]],[[[123.251,11.4661],[123.2432,11.4486],[123.2527,11.4336],[123.2507,11.4234],[123.2608,11.4233],[123.2773,11.4468],[123.2735,11.4569],[123.251,11.4661]]],[[[119.6712,11.5154],[119.6686,11.5018],[119.6841,11.4867],[119.6904,11.5026],[119.677,11.5029],[119.6792,11.5119],[119.6712,11.5154]]],[[[123.229,11.516],[123.2266,11.4959],[123.218,11.5096],[123.1986,11.5032],[123.2044,11.4909],[123.191,11.4781],[123.2057,11.4609],[123.2352,11.4649],[123.2392,11.5081],[123.229,11.516]]],[[[119.8149,11.5193],[119.8104,11.5188],[119.8161,11.507],[119.8387,11.5001],[119.8475,11.4862],[119.8414,11.4844],[119.8441,11.4761],[119.8246,11.4828],[119.8353,11.4737],[119.8354,11.4574],[119.8076,11.4719],[119.815,11.4552],[119.801,11.4519],[119.7842,11.4777],[119.7911,11.4842],[119.7757,11.4936],[119.7775,11.4788],[119.7637,11.4764],[119.7673,11.4697],[119.785,11.4679],[119.7862,11.4586],[119.7823,11.4527],[119.7667,11.4582],[119.7706,11.4371],[119.7617,11.4386],[119.7391,11.4663],[119.728,11.4653],[119.7328,11.4736],[119.7284,11.4791],[119.7127,11.4729],[119.7122,11.4643],[119.7253,11.4503],[119.735,11.4536],[119.7383,11.4457],[119.7285,11.4454],[119.727,11.433],[119.7381,11.4299],[119.7473,11.4167],[119.7581,11.4217],[119.7613,11.4033],[119.7739,11.3947],[119.7811,11.4049],[119.7749,11.4157],[119.7859,11.4256],[119.8053,11.4154],[119.8131,11.4274],[119.8246,11.4271],[119.8244,11.4131],[119.816,11.4151],[119.8114,11.4018],[119.8066,11.4081],[119.8019,11.4016],[119.8122,11.4001],[119.8149,11.3882],[119.8081,11.3798],[119.8196,11.3765],[119.8308,11.378],[119.8305,11.3908],[119.8518,11.413],[119.851,11.434],[119.859,11.4329],[119.8626,11.4495],[119.8696,11.4528],[119.8623,11.4637],[119.872,11.4926],[119.8632,11.5094],[119.8556,11.5072],[119.8437,11.5161],[119.8302,11.5093],[119.8149,11.5193]]],[[[123.1878,11.5378],[123.1801,11.5253],[123.1665,11.5234],[123.1627,11.4993],[123.1546,11.492],[123.1647,11.4922],[123.1757,11.5111],[123.191,11.5123],[123.196,11.5253],[123.1878,11.5378]]],[[[123.3568,11.5997],[123.3456,11.5928],[123.3292,11.5984],[123.3211,11.5874],[123.3305,11.581],[123.3274,11.5733],[123.3366,11.5745],[123.3454,11.589],[123.3556,11.5851],[123.3568,11.5997]]],[[[119.9539,11.6572],[119.9497,11.654],[119.96,11.6358],[119.9708,11.6328],[119.9667,11.6545],[119.9614,11.6493],[119.9539,11.6572]]],[[[120.1748,11.7837],[120.1669,11.7816],[120.185,11.7728],[120.1778,11.7724],[120.1884,11.7566],[120.1753,11.754],[120.1774,11.7622],[120.1645,11.7614],[120.1606,11.7684],[120.1576,11.7632],[120.1548,11.7718],[120.1444,11.7631],[120.1345,11.7802],[120.1347,11.7647],[120.1447,11.7565],[120.1387,11.752],[120.152,11.7535],[120.1747,11.742],[120.1828,11.7518],[120.1973,11.751],[120.1941,11.7747],[120.1748,11.7837]]],[[[120.1275,11.8246],[120.1275,11.8146],[120.1147,11.8082],[120.1158,11.7975],[120.1241,11.8002],[120.1235,11.8101],[120.1329,11.8109],[120.1275,11.8246]]],[[[120.0724,11.8513],[120.0703,11.8448],[120.0852,11.8345],[120.0789,11.8314],[120.0833,11.8264],[120.1152,11.8108],[120.1152,11.8284],[120.0967,11.8261],[120.1029,11.8458],[120.0854,11.8509],[120.0817,11.8443],[120.0724,11.8513]]],[[[121.4531,11.869],[121.4269,11.868],[121.4137,11.8353],[121.4359,11.8427],[121.4387,11.8364],[121.4516,11.8393],[121.4533,11.8315],[121.478,11.8255],[121.516,11.8265],[121.5303,11.8434],[121.5126,11.8615],[121.4531,11.869]]],[[[121.9546,11.939],[121.9473,11.9174],[121.9168,11.9024],[121.8847,11.899],[121.8838,11.8761],[121.8766,11.8657],[121.889,11.8468],[121.8808,11.8167],[121.862,11.781],[121.8435,11.7628],[121.8724,11.7555],[121.8987,11.7576],[121.9173,11.7678],[121.9871,11.7522],[122.0126,11.7362],[122.0256,11.7419],[122.0461,11.7322],[122.0672,11.7394],[122.0993,11.7065],[122.0957,11.67],[122.1016,11.6521],[122.0782,11.5388],[122.0838,11.497],[122.0726,11.4766],[122.0516,11.4692],[122.0603,11.4489],[122.0501,11.4101],[122.0625,11.3758],[122.0582,11.3451],[122.0358,11.3203],[122.0271,11.2984],[122.052,11.2613],[122.0529,11.2261],[122.0331,11.1903],[122.0373,11.1182],[122.0456,11.0944],[122.0414,11.0719],[122.0541,11.0326],[122.0396,11.0177],[122.0378,10.998],[121.9842,10.932],[121.9488,10.809],[121.9231,10.7638],[121.9338,10.7401],[121.9465,10.7376],[121.9656,10.7159],[121.9781,10.675],[121.9576,10.5498],[121.938,10.5199],[121.9157,10.5042],[121.9222,10.4855],[121.9123,10.4472],[121.9256,10.4293],[121.9625,10.4137],[121.9609,10.4063],[121.9856,10.4306],[122.0107,10.443],[122.0303,10.4638],[122.0342,10.4797],[122.0507,10.4867],[122.0649,10.5189],[122.0775,10.5254],[122.0794,10.5491],[122.0958,10.5754],[122.1059,10.5834],[122.1426,10.5845],[122.2066,10.6384],[122.247,10.6354],[122.2576,10.6514],[122.2733,10.6577],[122.322,10.6567],[122.3363,10.6699],[122.3913,10.67],[122.4552,10.6882],[122.5309,10.6793],[122.5611,10.6914],[122.5809,10.6876],[122.6002,10.7276],[122.599,10.7369],[122.5897,10.7368],[122.5856,10.7443],[122.6107,10.7752],[122.6323,10.7826],[122.642,10.7715],[122.6539,10.7846],[122.6636,10.7779],[122.6692,10.7967],[122.6942,10.7906],[122.7079,10.7755],[122.7342,10.786],[122.7629,10.8229],[122.7634,10.8448],[122.7838,10.8564],[122.7805,10.876],[122.7861,10.886],[122.7798,10.8908],[122.7891,10.8993],[122.7807,10.9255],[122.7688,10.9351],[122.7732,10.9382],[122.7596,10.9464],[122.7763,10.9642],[122.7817,10.9879],[122.8315,11.0028],[122.8515,10.9914],[122.8511,11.0181],[122.8717,11.0313],[122.8866,11.0314],[122.8908,11.0199],[122.9055,11.0209],[122.9159,11.0396],[122.9177,11.0628],[122.9248,11.067],[122.9436,11.0578],[122.9345,11.0441],[122.9376,11.0309],[122.9523,11.0337],[122.9632,11.0492],[122.9547,11.0507],[122.9494,11.0634],[122.9732,11.0707],[122.9788,11.0673],[122.9761,11.0593],[122.9852,11.0682],[122.9817,11.0759],[123.0069,11.0907],[123.017,11.1423],[123.0364,11.1716],[123.0727,11.1652],[123.08,11.1559],[123.0758,11.1508],[123.0888,11.1456],[123.0961,11.1604],[123.0796,11.1653],[123.0792,11.1776],[123.1042,11.1617],[123.1039,11.1559],[123.1267,11.1711],[123.1173,11.2119],[123.0935,11.2246],[123.1005,11.2673],[123.0954,11.2762],[123.1087,11.297],[123.0992,11.3286],[123.1046,11.3413],[123.1205,11.3377],[123.133,11.3433],[123.1252,11.3646],[123.1403,11.3638],[123.1512,11.3818],[123.1449,11.3856],[123.1516,11.3928],[123.1453,11.3917],[123.1467,11.401],[123.1281,11.4158],[123.1413,11.4386],[123.1529,11.4434],[123.16,11.4702],[123.1653,11.4685],[123.1536,11.4869],[123.1371,11.4802],[123.1406,11.4922],[123.1251,11.4916],[123.1211,11.4973],[123.1298,11.5018],[123.1173,11.5133],[123.1242,11.5253],[123.1368,11.5068],[123.1499,11.5481],[123.1609,11.5568],[123.1628,11.5672],[123.1455,11.5869],[123.1491,11.598],[123.106,11.5486],[123.0796,11.5371],[123.075,11.5268],[123.0125,11.5003],[123.0087,11.4922],[122.9866,11.4822],[122.9424,11.4792],[122.938,11.4722],[122.9172,11.483],[122.9186,11.453],[122.9015,11.4312],[122.8878,11.4318],[122.8918,11.4387],[122.8803,11.442],[122.9013,11.4594],[122.8799,11.4618],[122.8949,11.4652],[122.8901,11.4859],[122.9312,11.5158],[122.8798,11.5445],[122.8644,11.5407],[122.8647,11.5554],[122.8264,11.5973],[122.833,11.6056],[122.826,11.6106],[122.7967,11.6042],[122.7209,11.6081],[122.7147,11.6137],[122.7049,11.6081],[122.7177,11.6018],[122.7164,11.5967],[122.7073,11.6022],[122.7164,11.5941],[122.7131,11.5758],[122.6796,11.5704],[122.6855,11.5454],[122.6629,11.5475],[122.6505,11.5574],[122.6493,11.5741],[122.6423,11.5722],[122.6456,11.5668],[122.6343,11.5622],[122.6384,11.5522],[122.6327,11.5477],[122.6445,11.5492],[122.6486,11.5401],[122.6372,11.5328],[122.6355,11.5226],[122.6187,11.5158],[122.5909,11.5185],[122.5802,11.5087],[122.5895,11.5329],[122.5825,11.5544],[122.5776,11.5528],[122.5695,11.5675],[122.5455,11.5779],[122.5345,11.5756],[122.5289,11.585],[122.5079,11.5921],[122.4945,11.5942],[122.4949,11.5728],[122.4812,11.5544],[122.4525,11.5516],[122.4419,11.5684],[122.4429,11.5803],[122.4605,11.58],[122.4769,11.5623],[122.487,11.5718],[122.4679,11.588],[122.4673,11.6003],[122.4566,11.6001],[122.4495,11.6087],[122.4416,11.6047],[122.4417,11.594],[122.4382,11.6007],[122.4201,11.5917],[122.4194,11.6012],[122.4235,11.5975],[122.4306,11.6111],[122.422,11.6119],[122.4248,11.6185],[122.4107,11.6176],[122.4127,11.6355],[122.4034,11.6299],[122.3975,11.6355],[122.3986,11.6455],[122.4086,11.6466],[122.4022,11.6531],[122.4135,11.6585],[122.4205,11.6506],[122.4295,11.6524],[122.4437,11.6274],[122.4729,11.6098],[122.4817,11.5949],[122.4884,11.5931],[122.4931,11.609],[122.4207,11.6644],[122.3912,11.7074],[122.393,11.7201],[122.3853,11.7291],[122.3942,11.7237],[122.3969,11.7106],[122.3971,11.7173],[122.3887,11.7321],[122.3678,11.7393],[122.366,11.7332],[122.362,11.7387],[122.3303,11.7356],[122.3077,11.7446],[122.2658,11.7765],[122.2566,11.7942],[122.2452,11.7865],[122.2269,11.7937],[122.2221,11.8137],[122.1998,11.8064],[122.1673,11.8243],[122.1675,11.8183],[122.1636,11.826],[122.0871,11.8344],[122.0374,11.8656],[121.9994,11.9129],[121.9835,11.9142],[121.9546,11.939]]],[[[121.5543,11.9596],[121.5378,11.9487],[121.5471,11.9352],[121.5403,11.9025],[121.5535,11.8915],[121.583,11.9055],[121.5717,11.9296],[121.5753,11.9391],[121.5543,11.9596]]],[[[119.9965,11.9699],[119.9825,11.9622],[119.9897,11.9575],[119.9751,11.9564],[119.9881,11.9525],[119.9832,11.9466],[119.9917,11.9417],[119.9967,11.9493],[120.0155,11.9431],[120.0111,11.9501],[120.0228,11.9536],[120.0214,11.959],[120.0017,11.9611],[119.9965,11.9699]]],[[[119.9027,11.9796],[119.8937,11.967],[119.8885,11.9778],[119.8798,11.9756],[119.8707,11.9626],[119.8741,11.9538],[119.8839,11.9577],[119.894,11.9449],[119.8867,11.9341],[119.8948,11.9271],[119.8909,11.9236],[119.8794,11.9273],[119.8705,11.9464],[119.8583,11.9416],[119.8516,11.9562],[119.846,11.948],[119.8609,11.9298],[119.8715,11.9281],[119.8685,11.9012],[119.8779,11.8805],[119.8913,11.8774],[119.8944,11.8614],[119.9153,11.8439],[119.9041,11.8426],[119.9018,11.8318],[119.894,11.83],[119.9053,11.8223],[119.9022,11.812],[119.9118,11.8052],[119.9069,11.7926],[119.9197,11.785],[119.9306,11.7601],[119.963,11.7645],[119.9612,11.796],[119.9562,11.7962],[119.9635,11.8004],[119.9739,11.7903],[119.989,11.8015],[119.9926,11.7913],[119.9856,11.7848],[120.0034,11.7871],[119.992,11.778],[119.9984,11.7745],[119.995,11.7697],[119.972,11.7646],[119.9687,11.7452],[119.9546,11.7433],[119.9538,11.7323],[119.9685,11.7316],[119.979,11.7135],[119.9712,11.7147],[119.9672,11.7289],[119.9529,11.7311],[119.9492,11.7237],[119.9478,11.7397],[119.9387,11.7304],[119.9371,11.7111],[119.9443,11.7033],[119.9398,11.6781],[119.9472,11.6801],[119.9531,11.6718],[119.9431,11.6622],[119.9568,11.6588],[119.9634,11.6705],[119.969,11.6653],[119.9586,11.6942],[119.9691,11.6899],[119.9807,11.6666],[119.9885,11.6814],[120.0024,11.6774],[120.0063,11.6925],[120.021,11.6978],[120.0373,11.7177],[120.0493,11.7184],[120.0455,11.7345],[120.0518,11.7336],[120.0579,11.7563],[120.035,11.7576],[120.0537,11.7804],[120.0736,11.7883],[120.0424,11.8134],[120.0301,11.8064],[120.0368,11.82],[120.0299,11.8249],[120.0511,11.8397],[120.0431,11.8384],[120.0337,11.8484],[120.0206,11.8426],[120.0362,11.8581],[120.0521,11.8454],[120.0492,11.8547],[120.0625,11.8516],[120.0748,11.8623],[120.0641,11.8637],[120.0635,11.8699],[120.0553,11.8661],[120.0564,11.873],[120.0489,11.8755],[120.0499,11.8647],[120.0421,11.8625],[120.0426,11.8764],[120.0265,11.8811],[120.0281,11.888],[120.0191,11.8841],[120.0241,11.8932],[119.9897,11.8946],[119.9885,11.9031],[120.0291,11.9142],[120.0124,11.9339],[120.0042,11.9237],[119.9988,11.9343],[119.9863,11.9275],[119.9793,11.92],[119.9843,11.9095],[119.9762,11.9033],[119.9713,11.9042],[119.9789,11.9167],[119.9636,11.9158],[119.9621,11.9269],[119.9585,11.9138],[119.9652,11.9044],[119.9594,11.9012],[119.9446,11.9097],[119.9554,11.9139],[119.944,11.9305],[119.9447,11.9413],[119.9667,11.9448],[119.9212,11.9572],[119.9027,11.9796]]],[[[119.9435,11.9816],[119.9355,11.9791],[119.9445,11.9697],[119.9388,11.9574],[119.9546,11.9562],[119.9527,11.9661],[119.9742,11.9642],[119.9435,11.9816]]],[[[119.8721,11.9825],[119.8454,11.9802],[119.8228,11.9404],[119.8303,11.9387],[119.854,11.9754],[119.8786,11.981],[119.8721,11.9825]]],[[[120.2453,11.9871],[120.2473,11.9759],[120.2159,11.9573],[120.2091,11.9449],[120.2027,11.943],[120.193,11.9529],[120.1919,11.9365],[120.2243,11.8924],[120.2367,11.8467],[120.2622,11.8073],[120.2662,11.8231],[120.26,11.8159],[120.2518,11.832],[120.2541,11.8428],[120.2462,11.8482],[120.2584,11.8581],[120.2592,11.8696],[120.2582,11.8922],[120.2488,11.9079],[120.2548,11.9191],[120.2643,11.9146],[120.2767,11.9261],[120.2766,11.9357],[120.2661,11.9599],[120.2718,11.9691],[120.2453,11.9871]]],[[[120.1803,11.9927],[120.1656,11.9824],[120.1335,11.9922],[120.1306,11.9748],[120.1397,11.9698],[120.1536,11.9752],[120.1605,11.9678],[120.1768,11.982],[120.1715,11.9755],[120.1857,11.9658],[120.1974,11.9685],[120.1961,11.982],[120.1803,11.9927]]],[[[121.9217,11.9993],[121.9063,11.991],[121.9076,11.9813],[121.9332,11.9396],[121.9429,11.9402],[121.9476,11.9543],[121.9348,11.9554],[121.9272,11.9701],[121.9282,11.9982],[121.9217,11.9993]]],[[[121.937,12.0967],[121.9158,12.0845],[121.9107,12.063],[121.9242,12.0434],[121.954,12.0315],[121.9624,12.0365],[121.9577,12.0396],[121.9614,12.0662],[121.9507,12.0938],[121.937,12.0967]]],[[[121.3814,12.1258],[121.3605,12.1151],[121.3526,12.1196],[121.3487,12.0991],[121.3562,12.0994],[121.3452,12.096],[121.3483,12.0864],[121.3431,12.0876],[121.3616,12.0855],[121.3636,12.0679],[121.3724,12.0777],[121.3815,12.0702],[121.3714,12.0567],[121.3563,12.0548],[121.3644,12.054],[121.3633,12.0318],[121.3887,11.9832],[121.4185,12.0104],[121.4273,12.0294],[121.4233,12.0381],[121.4106,12.0403],[121.398,12.0781],[121.3924,12.0761],[121.3966,12.0849],[121.4049,12.0799],[121.3981,12.0859],[121.4058,12.0987],[121.4144,12.099],[121.3933,12.1092],[121.3902,12.1224],[121.3814,12.1258]]],[[[120.1384,12.1994],[120.1501,12.1866],[120.1479,12.175],[120.1967,12.1488],[120.1941,12.143],[120.2006,12.1472],[120.1979,12.1555],[120.1767,12.1615],[120.1384,12.1994]]],[[[121.0136,12.235],[121.0011,12.2183],[121.0067,12.2014],[121.0195,12.2069],[121.0196,12.2013],[121.0102,12.2],[121.0277,12.1854],[121.0192,12.1961],[121.0244,12.2049],[121.0345,12.1979],[121.0377,12.2042],[121.0136,12.235]]],[[[121.0743,12.2974],[121.0425,12.2893],[121.0333,12.2666],[121.033,12.2447],[121.0414,12.2404],[121.038,12.2247],[121.0752,12.2117],[121.0881,12.1899],[121.0867,12.1735],[121.1049,12.1727],[121.1211,12.1537],[121.1351,12.1594],[121.1358,12.1658],[121.1152,12.1993],[121.1014,12.2009],[121.1046,12.2329],[121.0743,12.2974]]],[[[120.3487,12.3069],[120.3641,12.2806],[120.3608,12.2729],[120.3695,12.2601],[120.3742,12.2621],[120.3683,12.2964],[120.3487,12.3069]]],[[[119.8947,12.3296],[119.8803,12.3274],[119.8643,12.3104],[119.8733,12.2929],[119.8671,12.2902],[119.8799,12.2894],[119.8669,12.2682],[119.8941,12.2764],[119.917,12.2737],[119.8608,12.2555],[119.8588,12.233],[119.8641,12.2365],[119.8754,12.2232],[119.8627,12.2048],[119.8639,12.1933],[119.848,12.1746],[119.8525,12.1479],[119.8791,12.2025],[119.8967,12.2023],[119.9056,12.1796],[119.9002,12.1633],[119.9206,12.1519],[119.9244,12.137],[119.9319,12.1376],[119.933,12.0874],[119.9514,12.079],[119.9505,12.0736],[119.9378,12.0733],[119.9531,12.0551],[119.9692,12.0651],[119.9722,12.0241],[119.9855,12.0311],[119.9969,12.0238],[119.9924,12.02],[119.9863,12.0271],[119.9871,12.0218],[119.98,12.0219],[119.9828,12.013],[119.9757,12.0169],[119.9778,12.0097],[119.9963,12.0013],[120.0153,12.0048],[120.0128,11.997],[120.0191,11.9975],[120.0207,11.9879],[120.0361,11.9971],[120.0475,11.9949],[120.0487,12.0055],[120.0583,12.0075],[120.0529,12.0199],[120.0888,11.9981],[120.0804,11.986],[120.0998,11.9606],[120.1038,11.9724],[120.1192,11.9783],[120.1164,11.9864],[120.1129,11.9788],[120.1064,11.9831],[120.0959,12.0029],[120.1038,12.0028],[120.1142,11.9888],[120.1273,11.9912],[120.1286,12.0025],[120.1374,12.0031],[120.124,12.0187],[120.1319,12.0327],[120.1414,12.023],[120.1529,12.0276],[120.1475,12.0245],[120.1575,12.0209],[120.1621,12.0324],[120.171,12.0285],[120.1776,12.0081],[120.2059,11.9938],[120.2114,11.9977],[120.2244,11.9822],[120.2528,12.0067],[120.2671,12.0055],[120.3,11.9814],[120.3002,11.9933],[120.3163,12.001],[120.3359,11.9924],[120.331,12.0008],[120.3405,12.0126],[120.3338,12.0221],[120.3306,12.017],[120.3251,12.0377],[120.3201,12.0408],[120.3166,12.0302],[120.3076,12.0286],[120.3153,12.0444],[120.3325,12.0427],[120.3406,12.0551],[120.3359,12.0736],[120.326,12.0823],[120.3327,12.0914],[120.3074,12.098],[120.3018,12.1044],[120.3049,12.1173],[120.2861,12.1148],[120.2741,12.1443],[120.26,12.1247],[120.2468,12.1303],[120.2525,12.1439],[120.2419,12.1491],[120.2511,12.151],[120.2419,12.1604],[120.2427,12.199],[120.2235,12.1983],[120.2151,12.2156],[120.2175,12.2264],[120.2055,12.2198],[120.2192,12.1974],[120.2057,12.1617],[120.2153,12.1457],[120.2141,12.1327],[120.1874,12.1373],[120.1886,12.1323],[120.1795,12.1328],[120.1903,12.1241],[120.1874,12.1171],[120.1635,12.1194],[120.1537,12.135],[120.1462,12.134],[120.1496,12.1276],[120.1415,12.1337],[120.1476,12.1409],[120.1273,12.1475],[120.0985,12.1767],[120.0857,12.1702],[120.0957,12.1787],[120.0923,12.183],[120.0991,12.1822],[120.0904,12.191],[120.1088,12.1872],[120.1092,12.1943],[120.0876,12.2034],[120.0762,12.1893],[120.0627,12.1904],[120.0487,12.2273],[120.0204,12.2405],[120.0148,12.254],[119.9836,12.2595],[119.9738,12.2714],[119.9491,12.2645],[119.9296,12.2701],[119.9248,12.2764],[119.9396,12.2828],[119.9234,12.298],[119.9263,12.318],[119.8947,12.3296]]],[[[122.5447,12.5057],[122.5169,12.4916],[122.4928,12.4985],[122.4686,12.4838],[122.4614,12.4867],[122.4469,12.4669],[122.429,12.4576],[122.4248,12.4328],[122.4338,12.4128],[122.4523,12.3958],[122.4967,12.3848],[122.5408,12.3617],[122.5524,12.3483],[122.5634,12.3115],[122.6091,12.2966],[122.6342,12.2675],[122.6341,12.2837],[122.6699,12.3101],[122.6822,12.3293],[122.6927,12.3648],[122.6857,12.3804],[122.6987,12.4017],[122.6842,12.4236],[122.6869,12.429],[122.665,12.4544],[122.6693,12.4627],[122.6525,12.4775],[122.6547,12.484],[122.6382,12.4836],[122.6332,12.4929],[122.5954,12.4898],[122.5447,12.5057]]],[[[124.107,12.5504],[124.1024,12.5403],[124.0948,12.5413],[124.0904,12.5239],[124.1046,12.5292],[124.1045,12.5413],[124.1135,12.543],[124.107,12.5504]]],[[[123.2371,12.6012],[123.2322,12.5799],[123.2501,12.5623],[123.2392,12.5586],[123.2498,12.5234],[123.251,12.457],[123.2702,12.4576],[123.2784,12.4313],[123.2877,12.4373],[123.2754,12.4192],[123.2885,12.4224],[123.2717,12.3815],[123.2593,12.377],[123.2656,12.368],[123.2669,12.3339],[123.2557,12.3242],[123.2584,12.3168],[123.244,12.2899],[123.2277,12.2794],[123.2229,12.2678],[123.2216,12.2533],[123.2354,12.2404],[123.2168,12.2384],[123.2287,12.2171],[123.241,12.2224],[123.2517,12.2424],[123.2668,12.2446],[123.2865,12.2153],[123.2977,12.2383],[123.3009,12.2058],[123.2875,12.1977],[123.2847,12.2139],[123.2696,12.1982],[123.2678,12.1855],[123.2795,12.1782],[123.2818,12.1626],[123.2395,12.138],[123.251,12.1269],[123.2465,12.1212],[123.2302,12.1198],[123.226,12.1319],[123.2176,12.1319],[123.2054,12.0848],[123.206,12.0592],[123.1906,12.0386],[123.1955,12.0188],[123.1429,11.9338],[123.1594,11.9063],[123.1793,11.9124],[123.2049,11.9448],[123.2039,11.9558],[123.2106,11.9503],[123.2318,11.9573],[123.267,12.0083],[123.2968,12.0224],[123.3209,12.0659],[123.3154,12.0747],[123.3243,12.0703],[123.335,12.0937],[123.3436,12.0915],[123.3719,12.1123],[123.4297,12.202],[123.4516,12.2102],[123.4854,12.2108],[123.4986,12.2189],[123.5398,12.2133],[123.5659,12.1816],[123.5669,12.1675],[123.5908,12.1446],[123.6154,12.0953],[123.6007,12.075],[123.6419,12.0688],[123.6471,12.0822],[123.6619,12.08],[123.6412,12.0667],[123.6497,12.0477],[123.6931,12.0254],[123.7283,11.9872],[123.7417,11.9837],[123.7308,11.9804],[123.7118,11.9569],[123.7285,11.945],[123.7221,11.9317],[123.7467,11.9222],[123.7682,11.9272],[123.8361,11.9107],[123.8611,11.9005],[123.9,11.8648],[123.9274,11.8618],[123.9765,11.8246],[124.0138,11.7857],[124.0387,11.7348],[124.0595,11.7211],[124.07,11.7223],[124.0733,11.7473],[124.0553,11.7953],[124.07,11.8531],[124.0372,11.9062],[124.0241,11.9521],[124.0119,11.9511],[124.0128,11.9683],[123.9918,11.9877],[124.0029,12.0032],[123.9979,12.0119],[124.0131,12.0082],[124.0177,11.9852],[124.0483,11.9477],[124.0521,11.9683],[124.0063,12.024],[123.974,12.0874],[123.919,12.1522],[123.9094,12.167],[123.9121,12.1798],[123.8958,12.1971],[123.8945,12.2088],[123.872,12.2215],[123.8649,12.2125],[123.8666,12.1965],[123.8542,12.1945],[123.8232,12.236],[123.8,12.244],[123.781,12.2262],[123.7943,12.2015],[123.7832,12.1953],[123.7648,12.217],[123.7555,12.2461],[123.7475,12.2474],[123.7388,12.2676],[123.7096,12.2999],[123.6965,12.331],[123.6698,12.3488],[123.6611,12.3404],[123.6502,12.3417],[123.6326,12.3608],[123.6375,12.3733],[123.625,12.379],[123.6153,12.3751],[123.6182,12.3597],[123.6114,12.3641],[123.5928,12.3528],[123.5806,12.3544],[123.5899,12.3765],[123.6086,12.3771],[123.61,12.3824],[123.5944,12.3863],[123.5927,12.3963],[123.5696,12.4119],[123.5552,12.4621],[123.5377,12.4481],[123.5383,12.4543],[123.5232,12.4556],[123.503,12.4754],[123.4997,12.471],[123.4443,12.517],[123.4185,12.5207],[123.4126,12.5158],[123.4043,12.523],[123.3977,12.5132],[123.3709,12.5057],[123.368,12.4939],[123.3756,12.4909],[123.3748,12.4738],[123.3829,12.4658],[123.3625,12.4712],[123.3475,12.4561],[123.3527,12.4531],[123.3485,12.4375],[123.3333,12.4479],[123.329,12.4321],[123.3245,12.44],[123.332,12.4532],[123.3232,12.4672],[123.3482,12.4761],[123.3447,12.4826],[123.3578,12.4792],[123.3606,12.4841],[123.3527,12.5188],[123.3435,12.5197],[123.3387,12.5393],[123.3794,12.5414],[123.346,12.5513],[123.3041,12.579],[123.2847,12.5734],[123.2603,12.5938],[123.2371,12.6012]]],[[[122.2837,12.6253],[122.2688,12.6049],[122.2656,12.5935],[122.2753,12.5917],[122.2675,12.5758],[122.262,12.5805],[122.2439,12.5725],[122.2543,12.5681],[122.249,12.5523],[122.2561,12.5514],[122.2621,12.5381],[122.2498,12.5303],[122.2588,12.5263],[122.2712,12.491],[122.2849,12.4785],[122.3017,12.4779],[122.3267,12.5035],[122.3267,12.5411],[122.3072,12.558],[122.3112,12.5696],[122.2953,12.5827],[122.2966,12.6185],[122.2837,12.6253]]],[[[122.1107,12.6743],[122.1213,12.6678],[122.1191,12.6573],[122.0841,12.6376],[122.0758,12.6224],[122.0417,12.6214],[122.0017,12.5968],[121.9922,12.57],[122.0097,12.5449],[122.0056,12.5234],[122.0119,12.5054],[122.0055,12.4989],[122.0166,12.4945],[122.0058,12.4824],[122.0106,12.4763],[122.0097,12.4608],[122.0026,12.455],[122.006,12.4448],[121.979,12.4003],[121.962,12.4051],[121.9562,12.3988],[121.9532,12.4046],[121.9412,12.3912],[121.9405,12.3566],[121.9281,12.3472],[121.9393,12.3354],[121.9197,12.3129],[121.9284,12.2869],[121.936,12.288],[121.9385,12.2996],[121.9476,12.2971],[121.9498,12.2787],[121.9673,12.2773],[121.9666,12.2581],[121.9807,12.2646],[122.0185,12.2331],[122.0154,12.2223],[121.9971,12.2133],[121.9886,12.1895],[121.9754,12.197],[121.9752,12.2284],[121.9683,12.2385],[121.959,12.1888],[121.9661,12.1567],[121.9813,12.1534],[121.9919,12.1603],[121.9845,12.1416],[122.0038,12.1236],[122.0144,12.099],[122.0237,12.1117],[122.0168,12.139],[122.0213,12.1488],[122.0278,12.1486],[122.0459,12.1798],[122.0591,12.1709],[122.0687,12.1806],[122.0654,12.191],[122.0548,12.1908],[122.0553,12.1979],[122.0471,12.1901],[122.0421,12.1939],[122.0497,12.2087],[122.0409,12.2217],[122.0489,12.2218],[122.0403,12.2294],[122.0559,12.2407],[122.0579,12.2642],[122.0879,12.3131],[122.0809,12.3208],[122.0978,12.3566],[122.0948,12.3903],[122.1055,12.4088],[122.1121,12.4993],[122.1231,12.5281],[122.1391,12.5382],[122.1318,12.5641],[122.1393,12.5807],[122.1337,12.6062],[122.1225,12.6208],[122.1303,12.6353],[122.1396,12.6278],[122.1624,12.6322],[122.1538,12.66],[122.1287,12.6634],[122.1107,12.6743]]],[[[123.6219,12.6933],[123.5986,12.6776],[123.6156,12.6348],[123.6016,12.6446],[123.5918,12.6319],[123.5821,12.6529],[123.5794,12.6306],[123.5994,12.6009],[123.5981,12.6066],[123.6114,12.6071],[123.6127,12.5833],[123.6348,12.5422],[123.65,12.5321],[123.6677,12.4942],[123.686,12.4829],[123.6846,12.4631],[123.7157,12.4336],[123.728,12.4023],[123.7426,12.3942],[123.7897,12.3383],[123.8006,12.3705],[123.7952,12.3765],[123.785,12.3723],[123.7932,12.3893],[123.7916,12.4095],[123.7732,12.4163],[123.7827,12.4241],[123.7693,12.4665],[123.7732,12.4739],[123.7645,12.483],[123.7694,12.4943],[123.7562,12.5173],[123.7489,12.5186],[123.7544,12.523],[123.7512,12.5304],[123.7396,12.531],[123.7487,12.5372],[123.7363,12.5704],[123.7244,12.5693],[123.7197,12.5765],[123.736,12.5831],[123.7253,12.6146],[123.7096,12.6102],[123.7115,12.6218],[123.692,12.6384],[123.6554,12.6489],[123.6219,12.6933]]],[[[122.0873,12.8376],[122.0719,12.8249],[122.036,12.8157],[122.0187,12.7964],[122.0267,12.794],[122.0316,12.8038],[122.0314,12.7868],[122.0609,12.7844],[122.0844,12.8205],[122.0873,12.8376]]],[[[123.8866,12.8886],[123.881,12.8856],[123.8877,12.8694],[123.9037,12.8688],[123.9021,12.8806],[123.8924,12.8792],[123.8866,12.8886]]],[[[121.7053,12.9491],[121.6884,12.9457],[121.6918,12.9407],[121.6809,12.929],[121.7009,12.9076],[121.7002,12.8997],[121.7088,12.9098],[121.7172,12.8959],[121.7256,12.9018],[121.7185,12.9044],[121.7179,12.914],[121.7237,12.9081],[121.7253,12.9156],[121.7328,12.9112],[121.7363,12.9292],[121.7254,12.9447],[121.713,12.9427],[121.7053,12.9491]]],[[[122.0615,12.963],[122.0454,12.9611],[122.0327,12.9499],[122.0384,12.9393],[122.0534,12.9384],[122.0575,12.9256],[122.0491,12.917],[122.0565,12.919],[122.0581,12.9068],[122.0683,12.9102],[122.0696,12.905],[122.0895,12.918],[122.0991,12.9557],[122.0615,12.963]]],[[[122.974,13.157],[122.9468,13.1415],[122.9482,13.1356],[122.9592,13.1292],[122.9723,13.1353],[122.9786,13.1437],[122.974,13.157]]],[[[122.9948,13.1592],[122.9861,13.1378],[122.9753,13.1326],[122.9806,13.1163],[122.9686,13.1287],[122.9675,13.1191],[122.9594,13.1253],[122.9287,13.1134],[122.9603,13.0846],[122.9598,13.0795],[122.9504,13.084],[122.9429,13.0679],[122.9494,13.0447],[122.9453,13.0259],[122.9647,13.0391],[122.9669,13.0203],[122.9859,13.0063],[123.0045,13.0063],[123.009,13.0134],[123.0274,12.9982],[123.0457,12.9997],[123.0503,12.9913],[123.0525,12.9985],[123.0643,12.9992],[123.0663,12.9757],[123.0778,12.9567],[123.0912,12.9642],[123.0938,12.9555],[123.0862,12.9522],[123.0984,12.94],[123.1086,12.9441],[123.1082,12.9236],[123.1317,12.9078],[123.1474,12.9067],[123.138,12.893],[123.171,12.8841],[123.1992,12.8417],[123.2106,12.848],[123.2172,12.8366],[123.2411,12.839],[123.2625,12.832],[123.2679,12.8143],[123.2901,12.8015],[123.2921,12.7902],[123.3027,12.7828],[123.3126,12.7507],[123.3348,12.7215],[123.3613,12.6956],[123.3853,12.6939],[123.3725,12.7218],[123.3381,12.7483],[123.3139,12.7913],[123.3175,12.7807],[123.3099,12.7793],[123.287,12.8199],[123.2775,12.888],[123.2387,12.9101],[123.2209,12.9058],[123.1822,12.9138],[123.1609,12.9429],[123.1578,12.9622],[123.1426,12.9705],[123.1462,12.9825],[123.1361,13.0045],[123.1156,13.0316],[123.1023,13.0318],[123.1075,13.04],[123.0969,13.048],[123.096,13.0615],[123.0643,13.0949],[123.0544,13.1211],[123.0387,13.1162],[123.0465,13.1246],[123.0448,13.1355],[123.0103,13.1382],[122.9948,13.1592]]],[[[124.13,13.2361],[124.114,13.2226],[124.0579,13.2073],[124.1075,13.1871],[124.1384,13.1896],[124.1864,13.172],[124.2163,13.1746],[124.2156,13.1966],[124.204,13.2108],[124.13,13.2361]]],[[[123.9771,13.2916],[123.9713,13.2801],[123.951,13.2906],[123.9084,13.2865],[123.9219,13.278],[123.9131,13.2743],[123.9154,13.2638],[123.9516,13.2336],[123.9917,13.2375],[123.9957,13.2244],[124.0224,13.217],[124.0395,13.2188],[124.0638,13.2399],[124.072,13.2387],[124.0639,13.252],[124.0989,13.2586],[124.089,13.2696],[124.0617,13.2697],[124.0415,13.2793],[124.0361,13.2768],[124.0467,13.2689],[124.0288,13.2583],[124.0316,13.2697],[124.0089,13.287],[123.9992,13.2856],[123.9945,13.2661],[123.986,13.2593],[123.9771,13.2916]]],[[[123.8511,13.3544],[123.8437,13.3514],[123.8401,13.3362],[123.8617,13.316],[123.8527,13.3144],[123.8499,13.2782],[123.8393,13.2731],[123.8509,13.271],[123.8478,13.2659],[123.8561,13.2625],[123.8636,13.2408],[123.8612,13.2499],[123.871,13.2538],[123.8718,13.2241],[123.8788,13.2306],[123.8844,13.2244],[123.9,13.2399],[123.9116,13.238],[123.8848,13.281],[123.895,13.2822],[123.91,13.3085],[123.9232,13.3092],[123.9301,13.328],[123.9067,13.33],[123.9064,13.3396],[123.8949,13.3366],[123.8846,13.3476],[123.8758,13.339],[123.8735,13.3485],[123.8511,13.3544]]],[[[123.7656,13.4074],[123.7763,13.3863],[123.8328,13.344],[123.8417,13.3632],[123.8517,13.3688],[123.8268,13.3679],[123.8179,13.3881],[123.7656,13.4074]]],[[[122.1267,13.4267],[122.1206,13.4168],[122.1237,13.4051],[122.1303,13.3995],[122.1386,13.4066],[122.1391,13.3986],[122.1476,13.396],[122.1476,13.4076],[122.1267,13.4267]]],[[[120.4131,13.5309],[120.3454,13.5052],[120.3128,13.4768],[120.3104,13.4549],[120.2992,13.4452],[120.3096,13.4203],[120.3451,13.3821],[120.3611,13.3844],[120.3867,13.375],[120.3947,13.386],[120.3915,13.4108],[120.4357,13.4271],[120.4582,13.4176],[120.4742,13.3978],[120.4664,13.3747],[120.4868,13.3187],[120.4887,13.3058],[120.4804,13.2974],[120.5042,13.2656],[120.524,13.2653],[120.53,13.2479],[120.5232,13.2237],[120.5426,13.2306],[120.5711,13.2289],[120.5717,13.2197],[120.5937,13.2211],[120.6099,13.1986],[120.6539,13.1881],[120.7229,13.0673],[120.7343,13.0638],[120.7657,12.9887],[120.7728,12.9368],[120.7841,12.931],[120.7741,12.9347],[120.7838,12.9011],[120.7819,12.8668],[120.7725,12.8445],[120.7609,12.8391],[120.7652,12.8292],[120.7743,12.8361],[120.7845,12.8223],[120.7851,12.7809],[120.7923,12.7596],[120.789,12.7344],[120.8042,12.7202],[120.8346,12.7278],[120.8562,12.7168],[120.865,12.689],[120.8904,12.66],[120.9015,12.657],[120.919,12.6191],[120.9282,12.6145],[120.9387,12.577],[120.9203,12.5404],[120.9246,12.5058],[120.9476,12.4824],[120.9763,12.4277],[121.0075,12.4114],[121.0356,12.3651],[121.0757,12.3339],[121.0909,12.3275],[121.0816,12.3348],[121.0872,12.3478],[121.106,12.324],[121.1176,12.3371],[121.1182,12.3201],[121.1082,12.3093],[121.1134,12.3005],[121.1079,12.2986],[121.105,12.3069],[121.0929,12.2877],[121.0948,12.27],[121.1033,12.2753],[121.1134,12.2678],[121.111,12.2435],[121.1911,12.2448],[121.2292,12.2268],[121.2442,12.2074],[121.2617,12.2356],[121.2633,12.2655],[121.2664,12.2703],[121.2689,12.2639],[121.2763,12.2852],[121.3319,12.2941],[121.3448,12.3263],[121.3618,12.3241],[121.3682,12.2983],[121.3821,12.298],[121.3703,12.2912],[121.3721,12.2826],[121.3832,12.2955],[121.3966,12.286],[121.4013,12.2958],[121.3859,12.3154],[121.3841,12.3625],[121.4093,12.3682],[121.4424,12.3551],[121.4526,12.3593],[121.4129,12.3964],[121.4176,12.4],[121.4097,12.4445],[121.4252,12.4534],[121.426,12.4701],[121.4448,12.4762],[121.4368,12.5148],[121.4441,12.5221],[121.4627,12.518],[121.507,12.547],[121.52,12.583],[121.5328,12.5968],[121.5572,12.6051],[121.5386,12.6961],[121.5175,12.7248],[121.516,12.7374],[121.5105,12.7383],[121.5098,12.729],[121.5001,12.7382],[121.4758,12.7772],[121.483,12.7901],[121.4838,12.8275],[121.4946,12.8501],[121.4823,12.8956],[121.4983,12.9382],[121.4853,13.0033],[121.4874,13.0223],[121.5051,13.0547],[121.5564,13.0885],[121.5573,13.1198],[121.5359,13.1396],[121.51,13.1458],[121.5096,13.1513],[121.4974,13.1452],[121.4961,13.1508],[121.4693,13.1351],[121.442,13.1435],[121.4332,13.1629],[121.4388,13.1617],[121.4496,13.1899],[121.4462,13.2086],[121.4385,13.2125],[121.4446,13.2151],[121.4408,13.2281],[121.4263,13.2276],[121.4332,13.2335],[121.4145,13.2422],[121.3995,13.2362],[121.3965,13.2439],[121.3793,13.2393],[121.3813,13.2476],[121.3551,13.2854],[121.3043,13.3438],[121.2513,13.3727],[121.2355,13.395],[121.2259,13.3889],[121.2281,13.4036],[121.2089,13.4178],[121.2001,13.4375],[121.185,13.4178],[121.1599,13.4172],[121.1414,13.4053],[121.1027,13.4183],[121.0627,13.4039],[121.0365,13.4185],[120.9863,13.4706],[120.9749,13.4685],[120.9554,13.4956],[120.9576,13.5026],[120.9734,13.5021],[120.9719,13.509],[120.982,13.5102],[120.9785,13.5136],[120.9926,13.5225],[120.9658,13.5267],[120.9624,13.5185],[120.9719,13.5148],[120.9623,13.5149],[120.9638,13.5069],[120.9548,13.5029],[120.9494,13.5028],[120.9516,13.5177],[120.9459,13.5212],[120.9436,13.5035],[120.9256,13.5124],[120.9163,13.5051],[120.9154,13.5121],[120.9078,13.5111],[120.8941,13.4989],[120.8826,13.5006],[120.8552,13.4847],[120.8416,13.4869],[120.7615,13.4646],[120.6725,13.4919],[120.6155,13.4883],[120.5604,13.5083],[120.4777,13.5039],[120.4518,13.5199],[120.4131,13.5309]]],[[[121.8665,13.5707],[121.8549,13.5647],[121.8653,13.5511],[121.8552,13.5398],[121.8614,13.5319],[121.8624,13.5397],[121.8748,13.5405],[121.865,13.534],[121.867,13.5263],[121.8497,13.5214],[121.851,13.5058],[121.811,13.4537],[121.8252,13.4008],[121.8202,13.3448],[121.8419,13.3307],[121.8659,13.2848],[121.9491,13.2506],[121.9663,13.2192],[121.9824,13.2075],[122.0282,13.1993],[122.0529,13.2407],[122.0467,13.2768],[122.0652,13.2887],[122.0685,13.306],[122.1203,13.3393],[122.1281,13.3624],[122.1507,13.3713],[122.1382,13.3784],[122.144,13.3891],[122.1226,13.3924],[122.1189,13.4081],[122.1011,13.4222],[122.1026,13.4356],[122.1177,13.4258],[122.1152,13.4399],[122.1254,13.4409],[122.1272,13.4553],[122.0865,13.4892],[122.0729,13.4839],[122.0758,13.4751],[122.0407,13.4855],[122.0456,13.4906],[122.058,13.4857],[122.0473,13.5009],[122.0485,13.5121],[122.0243,13.5129],[122.0365,13.5196],[122.0328,13.5295],[122.0093,13.5495],[122.0038,13.5423],[122.0116,13.5356],[121.9948,13.5324],[121.999,13.5226],[121.979,13.521],[121.9669,13.529],[121.9723,13.5585],[121.9643,13.5453],[121.9654,13.5288],[121.9441,13.5309],[121.9412,13.5404],[121.9303,13.5446],[121.9183,13.5254],[121.8967,13.535],[121.8902,13.5586],[121.8871,13.55],[121.8738,13.5536],[121.8786,13.5595],[121.8665,13.5707]]],[[[121.089,13.5694],[121.0853,13.5737],[121.0604,13.5628],[121.0424,13.5709],[121.044,13.559],[121.0803,13.5262],[121.0994,13.5341],[121.089,13.5694]]],[[[120.3046,13.6822],[120.329,13.663],[120.3405,13.664],[120.3814,13.643],[120.3873,13.6332],[120.4224,13.6266],[120.4232,13.6408],[120.4116,13.6546],[120.3828,13.6529],[120.3723,13.6662],[120.3046,13.6822]]],[[[120.8312,13.6877],[120.8268,13.6863],[120.8421,13.6512],[120.8658,13.6462],[120.8726,13.6347],[120.9051,13.6244],[120.9419,13.6317],[120.9464,13.6382],[120.934,13.6554],[120.8849,13.6549],[120.8411,13.6723],[120.8312,13.6877]]],[[[120.2902,13.8366],[120.2841,13.815],[120.2606,13.8136],[120.2612,13.8072],[120.2751,13.8054],[120.2771,13.7881],[120.3117,13.7742],[120.3147,13.7826],[120.3342,13.7884],[120.3302,13.7925],[120.3364,13.8074],[120.3271,13.8078],[120.3203,13.8258],[120.3088,13.8233],[120.3052,13.8319],[120.2902,13.8366]]],[[[120.0904,13.8645],[120.0764,13.8478],[120.0943,13.8357],[120.0907,13.8104],[120.1007,13.7845],[120.1221,13.7743],[120.1306,13.7613],[120.1393,13.7651],[120.1534,13.7593],[120.1569,13.7454],[120.1744,13.7365],[120.1865,13.7411],[120.2037,13.7343],[120.222,13.7095],[120.2345,13.7115],[120.2539,13.7023],[120.2672,13.6711],[120.2791,13.6873],[120.2953,13.6857],[120.2878,13.6943],[120.2934,13.706],[120.2877,13.7112],[120.2713,13.7044],[120.2517,13.7186],[120.2582,13.7347],[120.2881,13.7349],[120.277,13.7423],[120.2783,13.7558],[120.2677,13.7518],[120.2543,13.7923],[120.2357,13.7926],[120.2396,13.8013],[120.2233,13.8207],[120.2116,13.8228],[120.2058,13.8098],[120.1925,13.8257],[120.1682,13.8272],[120.1371,13.8558],[120.0904,13.8645]]],[[[121.7554,13.9433],[121.7461,13.9383],[121.7542,13.9343],[121.7529,13.9233],[121.7383,13.9192],[121.747,13.9094],[121.7387,13.9],[121.7418,13.8919],[121.7548,13.8837],[121.7548,13.8916],[121.7582,13.888],[121.786,13.9093],[121.7903,13.9002],[121.7808,13.8793],[121.7921,13.88],[121.8022,13.8989],[121.7938,13.9112],[121.7859,13.9107],[121.7901,13.9389],[121.7554,13.9433]]],[[[123.5778,13.9699],[123.5563,13.9553],[123.5691,13.9518],[123.5671,13.9397],[123.5749,13.9313],[123.5703,13.9443],[123.5782,13.9531],[123.5778,13.9699]]],[[[123.818,13.9785],[123.819,13.9526],[123.8074,13.9445],[123.8167,13.9396],[123.819,13.9275],[123.8113,13.9297],[123.8115,13.9123],[123.8236,13.9113],[123.8314,13.8895],[123.8413,13.8965],[123.8315,13.9365],[123.8325,13.9462],[123.8379,13.9454],[123.8333,13.9655],[123.8397,13.9696],[123.818,13.9785]]],[[[123.6443,13.9784],[123.6377,13.9784],[123.6399,13.9693],[123.6459,13.9678],[123.6441,13.976],[123.6514,13.9734],[123.6595,13.9456],[123.6347,13.9647],[123.6379,13.9524],[123.6243,13.9585],[123.6229,13.9468],[123.6295,13.943],[123.6216,13.9395],[123.6183,13.9498],[123.6032,13.947],[123.6066,13.9617],[123.5954,13.9454],[123.6069,13.938],[123.5964,13.9338],[123.6078,13.9254],[123.6014,13.9142],[123.6125,13.9173],[123.6237,13.9137],[123.6164,13.9076],[123.6251,13.907],[123.646,13.9178],[123.6564,13.934],[123.6776,13.9426],[123.6697,13.9664],[123.6624,13.9599],[123.6584,13.9705],[123.6443,13.9784]]],[[[124.3267,13.987],[124.3303,13.9686],[124.321,13.9615],[124.3239,13.9753],[124.3084,13.9786],[124.3098,13.9583],[124.3211,13.9538],[124.3264,13.9414],[124.3549,13.9459],[124.3505,13.9577],[124.3404,13.9515],[124.3485,13.9615],[124.332,13.9724],[124.3267,13.987]]],[[[124.2064,14.0999],[124.1912,14.0861],[124.1857,14.0635],[124.1747,14.0659],[124.1704,14.0507],[124.1541,14.0505],[124.1409,14.0637],[124.1266,14.0604],[124.1352,14.0503],[124.1254,14.0469],[124.1397,14.0133],[124.126,14.0022],[124.132,14.0016],[124.1277,13.9774],[124.1483,13.9258],[124.1411,13.9203],[124.1469,13.9104],[124.1385,13.9084],[124.1442,13.8994],[124.1281,13.8858],[124.1377,13.8654],[124.1358,13.7961],[124.1218,13.7522],[124.1011,13.7364],[124.1062,13.7274],[124.0955,13.7046],[124.0639,13.6934],[124.0389,13.6652],[124.0233,13.6631],[124.0572,13.6185],[124.0588,13.6082],[124.0471,13.6067],[124.0478,13.6018],[124.0573,13.5961],[124.077,13.6045],[124.1068,13.5931],[124.1411,13.5713],[124.1713,13.5312],[124.2077,13.5167],[124.2148,13.5227],[124.2059,13.543],[124.21,13.5584],[124.2566,13.5933],[124.311,13.5892],[124.3172,13.5521],[124.3448,13.549],[124.3264,13.5576],[124.3372,13.5662],[124.3344,13.5745],[124.3457,13.5737],[124.3441,13.5928],[124.3507,13.5953],[124.3421,13.6408],[124.3655,13.6597],[124.3777,13.6629],[124.3807,13.6457],[124.4165,13.6661],[124.4055,13.6711],[124.409,13.6874],[124.3891,13.6917],[124.3974,13.7083],[124.3844,13.7148],[124.3915,13.7193],[124.3883,13.7297],[124.4011,13.7401],[124.3937,13.7492],[124.4096,13.7516],[124.3929,13.779],[124.4187,13.783],[124.422,13.7959],[124.4151,13.7965],[124.4152,13.8137],[124.4095,13.8135],[124.4148,13.8355],[124.3987,13.8364],[124.4067,13.8477],[124.4212,13.847],[124.4159,13.8583],[124.3998,13.8588],[124.4142,13.8654],[124.4078,13.8793],[124.4032,13.8843],[124.3978,13.8759],[124.3987,13.8902],[124.3928,13.8931],[124.3872,13.8717],[124.3847,13.8935],[124.376,13.8885],[124.3546,13.9083],[124.3594,13.9241],[124.3527,13.9261],[124.3516,13.9399],[124.3304,13.9338],[124.3207,13.9101],[124.3238,13.8992],[124.3119,13.8975],[124.3173,13.9087],[124.3031,13.9224],[124.3141,13.9337],[124.3083,13.9298],[124.301,13.9431],[124.2827,13.9465],[124.2795,13.9982],[124.271,14.0168],[124.2658,14.0132],[124.259,14.0194],[124.2629,14.033],[124.251,14.0371],[124.2483,14.0509],[124.2152,14.0787],[124.2064,14.0999]]],[[[121.9295,14.2359],[121.9141,14.1883],[121.918,14.1954],[121.9263,14.1913],[121.95,14.151],[121.9853,14.1119],[122.0014,14.1084],[122.0118,14.095],[122.0381,14.0899],[122.0568,14.0641],[122.0908,14.0515],[122.1127,14.0274],[122.1589,14.0013],[122.1875,14.0061],[122.1867,14.0229],[122.1715,14.0454],[122.1394,14.0675],[122.1278,14.0873],[122.0216,14.153],[122.0087,14.1713],[121.9295,14.2359]]],[[[121.8263,14.3063],[121.804,14.2928],[121.8069,14.2718],[121.8166,14.2678],[121.8212,14.2488],[121.8514,14.2984],[121.8263,14.3063]]],[[[120.6084,14.3938],[120.5858,14.3876],[120.5731,14.3927],[120.5621,14.3842],[120.5797,14.3724],[120.5933,14.3876],[120.6107,14.3911],[120.6204,14.3857],[120.6084,14.3938]]],[[[122.9398,14.4399],[122.9257,14.4349],[122.9299,14.4256],[122.9383,14.4277],[122.9382,14.4193],[122.955,14.4086],[122.9801,14.4054],[122.9433,14.4287],[122.9398,14.4399]]],[[[122.9494,14.4948],[122.9402,14.4891],[122.9364,14.4718],[122.9096,14.463],[122.8993,14.4522],[122.9012,14.4457],[122.9089,14.4433],[122.9227,14.4548],[122.9375,14.4554],[122.9319,14.4472],[122.9446,14.4501],[122.9397,14.4648],[122.9579,14.4656],[122.9485,14.4779],[122.9622,14.492],[122.9494,14.4948]]],[[[122.4036,14.7338],[122.3817,14.7296],[122.36,14.7123],[122.333,14.711],[122.3138,14.6949],[122.3065,14.6766],[122.3871,14.6804],[122.4361,14.6952],[122.4357,14.7082],[122.4036,14.7338]]],[[[122.1836,14.8451],[122.165,14.8339],[122.1584,14.8383],[122.1339,14.8282],[122.1249,14.8418],[122.1235,14.8361],[122.1058,14.8349],[122.0936,14.8422],[122.1057,14.8072],[122.1145,14.7996],[122.139,14.7974],[122.1836,14.7672],[122.2293,14.7509],[122.2416,14.738],[122.2433,14.7207],[122.2548,14.7248],[122.2595,14.7592],[122.2508,14.7723],[122.2595,14.7876],[122.2432,14.7944],[122.232,14.7857],[122.192,14.8062],[122.2136,14.8422],[122.1963,14.8302],[122.1951,14.8391],[122.1876,14.8374],[122.1836,14.8451]]],[[[122.0233,14.8785],[122.0132,14.8721],[122.0248,14.8456],[122.0367,14.8488],[122.0438,14.8406],[122.062,14.8539],[122.0776,14.8388],[122.0841,14.8417],[122.0628,14.868],[122.0336,14.8763],[122.0267,14.8677],[122.0233,14.8785]]],[[[121.9352,15.0587],[121.9018,15.0354],[121.8929,15.0362],[121.8912,15.0277],[121.8778,15.0347],[121.867,15.0298],[121.8664,15.0216],[121.8563,15.0397],[121.8372,15.0394],[121.8284,15.0219],[121.8357,15.0064],[121.8266,15.0117],[121.8386,14.9851],[121.8319,14.9831],[121.8349,14.9951],[121.8256,14.9921],[121.8314,15.0037],[121.8218,15.0044],[121.8132,14.9813],[121.8178,14.9712],[121.8014,14.936],[121.8094,14.9236],[121.8206,14.9372],[121.831,14.9286],[121.8332,14.9467],[121.8233,14.9563],[121.8352,14.9545],[121.8346,14.932],[121.8547,14.9219],[121.8498,14.9099],[121.8727,14.8769],[121.8785,14.8354],[121.9121,14.7961],[121.9379,14.7115],[121.919,14.7061],[121.9137,14.7211],[121.905,14.7237],[121.9029,14.6793],[121.9143,14.6408],[121.9392,14.6266],[121.9746,14.6417],[122.0042,14.6676],[122.0221,14.703],[122.0367,14.7151],[122.0279,14.7294],[122.0277,14.7614],[122.0213,14.7648],[122.0219,14.814],[122.0076,14.8214],[122.0088,14.8339],[121.9958,14.831],[121.981,14.8417],[121.9801,14.8598],[121.972,14.8596],[121.9675,14.8688],[121.9766,14.8817],[121.9671,14.8883],[121.9673,14.9067],[121.9774,14.9097],[121.9793,14.9006],[121.9918,14.9138],[122.0212,14.9211],[122.0111,14.9485],[122.0192,14.9677],[121.9978,14.9517],[121.9913,14.9577],[122.0018,14.974],[121.9962,14.9748],[122.0117,14.9892],[122.0312,14.992],[122.0548,14.9519],[122.0562,14.9648],[122.0497,15.0057],[122.0359,15.0129],[122.0068,15.0071],[122.0212,15.0236],[122.0193,15.03],[121.9936,15.0456],[121.9697,15.0369],[121.9743,15.0505],[121.9553,15.0576],[121.9438,15.0552],[121.9465,15.0429],[121.937,15.0397],[121.9352,15.0587]]],[[[119.9899,16.3501],[119.9703,16.3488],[119.9643,16.3264],[119.943,16.3305],[119.9391,16.3143],[119.9204,16.3078],[119.9175,16.2987],[119.9224,16.2851],[119.9352,16.2957],[119.9376,16.2863],[119.9547,16.2789],[119.9577,16.2704],[119.9485,16.2666],[119.9785,16.2511],[119.993,16.2222],[120.0182,16.2413],[120.0186,16.253],[120.0069,16.2592],[119.9981,16.2776],[120.0221,16.3133],[119.9985,16.3226],[120.0001,16.3386],[119.9899,16.3501]]],[[[119.9359,16.4266],[119.9134,16.4221],[119.9111,16.3854],[119.9274,16.3899],[119.9328,16.3775],[119.9448,16.3795],[119.9616,16.3695],[119.9624,16.4037],[119.9559,16.3996],[119.9359,16.4266]]],[[[122.1335,18.5817],[122.1395,18.5753],[122.1213,18.5728],[122.1121,18.5603],[122.1114,18.5483],[122.1262,18.5457],[122.1165,18.5369],[122.1161,18.501],[122.133,18.5182],[122.1424,18.5204],[122.1477,18.5142],[122.1529,18.5223],[122.1458,18.5344],[122.1564,18.5449],[122.1571,18.5789],[122.1335,18.5817]]],[[[121.4147,18.9058],[121.3777,18.8987],[121.3612,18.8882],[121.3447,18.8913],[121.3091,18.8768],[121.2852,18.8848],[121.2752,18.8579],[121.2895,18.8443],[121.3455,18.8415],[121.3738,18.8502],[121.453,18.8557],[121.4819,18.8765],[121.48,18.8839],[121.4621,18.881],[121.4147,18.9058]]],[[[121.9177,19.0035],[121.8975,19.0015],[121.8667,18.9741],[121.8706,18.9469],[121.8494,18.924],[121.8687,18.9024],[121.8644,18.8823],[121.8358,18.8715],[121.8277,18.875],[121.8372,18.8221],[121.8524,18.8129],[121.8776,18.8272],[121.8793,18.8475],[121.8903,18.857],[121.891,18.8685],[121.9202,18.8796],[121.9427,18.8931],[121.9397,18.8995],[121.9536,18.9035],[121.9572,18.916],[121.9512,18.9266],[121.9891,18.9429],[121.9915,18.9616],[121.9651,18.9729],[121.9451,19.0025],[121.9177,19.0035]]],[[[121.2179,19.1713],[121.1955,19.1074],[121.1967,19.0673],[121.2135,19.0401],[121.2353,19.0307],[121.2386,19.0127],[121.2492,19.013],[121.2538,19.0286],[121.2478,19.1049],[121.2349,19.127],[121.2321,19.1552],[121.2179,19.1713]]],[[[121.407,19.3933],[121.3911,19.391],[121.3888,19.3693],[121.3683,19.3604],[121.3553,19.3666],[121.3466,19.3574],[121.3906,19.329],[121.39,19.3009],[121.4043,19.2912],[121.4026,19.2836],[121.4152,19.2861],[121.4445,19.2674],[121.4685,19.2665],[121.5115,19.2441],[121.5116,19.2598],[121.5387,19.2674],[121.5394,19.2883],[121.5221,19.3205],[121.5317,19.3511],[121.524,19.388],[121.5151,19.3885],[121.5015,19.3713],[121.4882,19.3671],[121.407,19.3933]]],[[[121.9698,19.5738],[121.9437,19.5553],[121.9018,19.5514],[121.8928,19.5413],[121.9021,19.5141],[121.9594,19.4758],[121.9663,19.476],[121.9942,19.513],[121.9932,19.5527],[121.9698,19.5738]]],[[[121.8447,20.356],[121.838,20.3246],[121.8472,20.2928],[121.8414,20.2834],[121.8615,20.2604],[121.8639,20.2758],[121.8862,20.2882],[121.8889,20.3133],[121.872,20.3398],[121.8447,20.356]]],[[[122.0028,20.4894],[121.9752,20.4714],[121.957,20.4691],[121.9676,20.4467],[121.9461,20.4159],[121.9258,20.4083],[121.9132,20.3709],[121.915,20.3475],[121.9477,20.3476],[121.9595,20.3654],[121.9712,20.3661],[121.97,20.3763],[121.9804,20.3824],[121.9802,20.3914],[121.9639,20.3999],[121.9624,20.4126],[121.9856,20.428],[121.9863,20.438],[122.0352,20.4645],[122.0279,20.481],[122.0028,20.4894]]],[[[121.86,20.8362],[121.8369,20.8254],[121.8152,20.7603],[121.7976,20.7513],[121.7828,20.7217],[121.7996,20.6887],[121.8461,20.7135],[121.8565,20.7308],[121.8567,20.7514],[121.8765,20.7589],[121.868,20.7825],[121.8815,20.7952],[121.8831,20.8098],[121.8802,20.82],[121.86,20.8362]]],[[[125.3972,5.4379],[125.3695,5.429],[125.3463,5.3928],[125.3291,5.3893],[125.3485,5.3868],[125.3517,5.3688],[125.3738,5.3668],[125.4074,5.3778],[125.412,5.3673],[125.4205,5.3658],[125.4275,5.3756],[125.4211,5.403],[125.4295,5.4196],[125.3972,5.4379]]],[[[125.4776,5.4958],[125.468,5.4802],[125.4775,5.479],[125.475,5.4722],[125.4828,5.4678],[125.4737,5.4639],[125.4738,5.4747],[125.467,5.4764],[125.4563,5.4675],[125.4581,5.4563],[125.4686,5.4603],[125.4736,5.4541],[125.4554,5.4498],[125.4598,5.4355],[125.4517,5.4356],[125.4639,5.429],[125.454,5.4263],[125.4641,5.4226],[125.4687,5.412],[125.4633,5.3963],[125.4718,5.3894],[125.4925,5.4215],[125.4923,5.4302],[125.4873,5.428],[125.4998,5.4682],[125.495,5.4846],[125.4776,5.4958]]],[[[125.6871,6.9619],[125.6695,6.9454],[125.6872,6.9076],[125.7131,6.898],[125.7246,6.9221],[125.7206,6.9374],[125.7044,6.9595],[125.6871,6.9619]]],[[[125.7094,7.1979],[125.6944,7.1898],[125.6866,7.1363],[125.6637,7.1082],[125.664,7.0937],[125.6795,7.0635],[125.6953,7.077],[125.7125,7.069],[125.7268,7.0064],[125.7229,6.9642],[125.7494,6.9187],[125.7504,6.9013],[125.7662,6.8927],[125.775,6.919],[125.7932,6.9378],[125.7878,6.9946],[125.7755,7.0323],[125.783,7.0884],[125.7976,7.1169],[125.7864,7.1388],[125.7636,7.1609],[125.7346,7.1672],[125.7221,7.1914],[125.7094,7.1979]]],[[[124.7025,9.2578],[124.67,9.251],[124.6434,9.233],[124.6346,9.2167],[124.6349,9.1703],[124.6479,9.1459],[124.6749,9.1206],[124.7088,9.1058],[124.7433,9.1032],[124.7606,9.0815],[124.7751,9.0802],[124.7871,9.1001],[124.7968,9.1082],[124.8029,9.104],[124.8065,9.1177],[124.7935,9.1381],[124.7983,9.1463],[124.7789,9.2031],[124.7589,9.2153],[124.7322,9.2483],[124.7025,9.2578]]],[[[125.9246,9.4172],[125.9166,9.4142],[125.9207,9.4053],[125.93,9.4122],[125.9359,9.4088],[125.9283,9.4012],[125.9415,9.4074],[125.9364,9.4163],[125.9246,9.4172]]],[[[126.0126,9.4301],[125.9919,9.4106],[126.0036,9.4144],[126.0136,9.402],[126.0121,9.4135],[126.0249,9.4121],[126.0244,9.4219],[126.0126,9.4301]]],[[[125.6278,9.7276],[125.6173,9.7039],[125.6313,9.7039],[125.636,9.7113],[125.6438,9.6977],[125.6436,9.6695],[125.6583,9.6642],[125.6552,9.6902],[125.6606,9.6993],[125.6501,9.7108],[125.664,9.7214],[125.6489,9.7268],[125.6379,9.7192],[125.6278,9.7276]]],[[[125.9827,9.7366],[125.9807,9.7192],[125.9717,9.7236],[125.966,9.7139],[125.9735,9.7064],[125.9742,9.6892],[125.9831,9.6869],[125.981,9.6987],[125.9959,9.6914],[126.0089,9.7032],[125.9984,9.7142],[126.0033,9.7207],[125.9953,9.7213],[126.0005,9.7269],[125.9851,9.7296],[125.9827,9.7366]]],[[[126.0277,9.7369],[126.0262,9.7266],[126.0169,9.7262],[126.0223,9.7172],[126.0152,9.7209],[126.011,9.7154],[126.0063,9.6831],[126.0093,9.69],[126.022,9.69],[126.028,9.7043],[126.0221,9.7077],[126.0336,9.714],[126.0418,9.7037],[126.0704,9.7098],[126.0641,9.7165],[126.0707,9.7286],[126.0448,9.7332],[126.0367,9.7254],[126.0277,9.7369]]],[[[125.695,9.7532],[125.6786,9.7405],[125.6902,9.7461],[125.6903,9.7367],[125.7013,9.7352],[125.7043,9.7438],[125.695,9.7532]]],[[[125.9337,9.7604],[125.9263,9.7534],[125.9185,9.7523],[125.919,9.7596],[125.9145,9.7556],[125.9114,9.7393],[125.9207,9.7269],[125.9062,9.7214],[125.9105,9.7066],[125.9251,9.7036],[125.9157,9.6958],[125.9205,9.6774],[125.9276,9.6748],[125.9271,9.6542],[125.9078,9.6539],[125.9019,9.6386],[125.9084,9.6213],[125.9015,9.6323],[125.8962,9.6276],[125.9066,9.6229],[125.8902,9.6218],[125.8882,9.6118],[125.9096,9.6145],[125.9173,9.5982],[125.912,9.5928],[125.9061,9.5977],[125.9124,9.5826],[125.9369,9.5789],[125.94,9.5666],[125.9323,9.5624],[125.9409,9.5599],[125.9629,9.5679],[125.971,9.5855],[125.9669,9.6233],[125.9859,9.6408],[125.9905,9.6637],[125.9858,9.6833],[125.9604,9.688],[125.9613,9.7302],[125.9712,9.7279],[125.9649,9.7426],[125.9604,9.7454],[125.9599,9.7339],[125.9517,9.7404],[125.9394,9.7332],[125.9474,9.7454],[125.9363,9.7473],[125.9467,9.7558],[125.9337,9.7604]]],[[[125.6381,9.7989],[125.6288,9.785],[125.6391,9.784],[125.6311,9.7792],[125.6403,9.776],[125.6339,9.7699],[125.6437,9.7663],[125.6512,9.7718],[125.653,9.7549],[125.6661,9.7543],[125.6677,9.7669],[125.6535,9.7737],[125.6475,9.7923],[125.6381,9.7989]]],[[[125.7164,9.8131],[125.7108,9.8113],[125.7156,9.8016],[125.7105,9.7921],[125.6982,9.7966],[125.6964,9.7901],[125.7008,9.7644],[125.7168,9.7648],[125.7257,9.7532],[125.7233,9.764],[125.7406,9.7813],[125.731,9.7894],[125.7173,9.7886],[125.7217,9.8071],[125.7164,9.8131]]],[[[125.6113,9.9121],[125.59,9.9064],[125.5852,9.8976],[125.5714,9.9095],[125.5599,9.8945],[125.5657,9.8813],[125.5758,9.8953],[125.5836,9.8946],[125.574,9.8763],[125.581,9.8651],[125.5766,9.8531],[125.5834,9.8536],[125.5963,9.8907],[125.6124,9.89],[125.6113,9.9121]]],[[[125.642,9.9161],[125.6217,9.9088],[125.6245,9.9039],[125.612,9.8883],[125.6152,9.8818],[125.5998,9.8787],[125.5951,9.8531],[125.5868,9.8526],[125.5785,9.839],[125.5808,9.8199],[125.5899,9.8352],[125.5969,9.8323],[125.6,9.8227],[125.5848,9.8158],[125.5937,9.8131],[125.5917,9.8045],[125.6361,9.8323],[125.6421,9.8251],[125.6716,9.8333],[125.6885,9.8507],[125.6791,9.8567],[125.6591,9.849],[125.6543,9.8648],[125.6481,9.8678],[125.6439,9.8617],[125.6485,9.8732],[125.6391,9.8882],[125.642,9.9161]]],[[[125.5152,9.9214],[125.5086,9.9114],[125.5106,9.8862],[125.5244,9.8708],[125.5337,9.8717],[125.537,9.8622],[125.5531,9.8616],[125.5334,9.8816],[125.5315,9.8923],[125.5187,9.8986],[125.5152,9.9214]]],[[[125.9687,9.9638],[125.9747,9.94],[125.969,9.9422],[125.9601,9.9314],[125.9525,9.9342],[125.9594,9.9277],[125.9471,9.9263],[125.947,9.9186],[125.9285,9.9083],[125.9372,9.903],[125.925,9.9037],[125.9146,9.8839],[125.9068,9.8909],[125.9061,9.8814],[125.9145,9.8749],[125.9265,9.8818],[125.9284,9.8969],[125.9315,9.8848],[125.943,9.888],[125.9726,9.9183],[125.9813,9.9424],[125.9713,9.9502],[125.9741,9.9602],[125.9687,9.9638]]],[[[126.0707,10.0562],[126.0576,10.0605],[126.0336,10.0361],[126.0287,10.0231],[126.0361,10.0177],[126.0315,10.0148],[126.0366,10.0165],[126.0302,10.0078],[126.0368,10.0036],[125.9959,9.9403],[125.9832,9.9379],[125.9733,9.9231],[125.9759,9.9045],[125.9596,9.881],[125.9757,9.8633],[125.9752,9.8553],[125.9593,9.8552],[125.949,9.8355],[125.9616,9.8321],[125.9598,9.8254],[125.9745,9.8262],[125.9731,9.8112],[125.9904,9.801],[126.0098,9.7637],[126.0316,9.745],[126.0365,9.7511],[126.0231,9.7596],[126.027,9.7674],[126.0521,9.7541],[126.1131,9.7476],[126.1133,9.7586],[126.1265,9.7574],[126.1318,9.7716],[126.1636,9.787],[126.161,9.8026],[126.1686,9.81],[126.1623,9.8135],[126.1473,9.8061],[126.1525,9.8143],[126.142,9.8264],[126.1421,9.8451],[126.1215,9.8366],[126.1114,9.8511],[126.1066,9.845],[126.1052,9.8534],[126.0913,9.8491],[126.097,9.8636],[126.1149,9.8666],[126.1206,9.8786],[126.1111,9.8954],[126.1134,9.9245],[126.1005,9.939],[126.0994,9.9641],[126.0877,9.983],[126.0835,10.0106],[126.0703,10.0238],[126.0707,10.0562]]],[[[125.4732,10.4612],[125.4633,10.4571],[125.479,10.4356],[125.477,10.4274],[125.4978,10.423],[125.4933,10.4327],[125.5016,10.4456],[125.4732,10.4612]]],[[[125.6424,10.4716],[125.6212,10.4593],[125.6124,10.4418],[125.6121,10.4108],[125.6028,10.4135],[125.6074,10.3937],[125.5956,10.365],[125.5741,10.3618],[125.5623,10.3819],[125.5512,10.3849],[125.5463,10.3629],[125.5557,10.3534],[125.5585,10.3199],[125.5139,10.3211],[125.5148,10.293],[125.5231,10.2898],[125.5181,10.2852],[125.5295,10.2828],[125.5352,10.2892],[125.5372,10.2802],[125.5209,10.2766],[125.527,10.2727],[125.5187,10.271],[125.5216,10.2459],[125.5124,10.2424],[125.5432,10.2033],[125.5263,10.1908],[125.5196,10.2054],[125.4979,10.2093],[125.5054,10.1941],[125.5259,10.1839],[125.5175,10.1783],[125.5044,10.1855],[125.5067,10.1721],[125.4964,10.1817],[125.4997,10.156],[125.4954,10.1428],[125.4915,10.1492],[125.488,10.1428],[125.5004,10.1337],[125.4851,10.1328],[125.4866,10.123],[125.4934,10.1273],[125.4889,10.1174],[125.4812,10.1188],[125.4846,10.1267],[125.4776,10.1396],[125.4735,10.135],[125.4811,10.1042],[125.4905,10.1011],[125.4899,10.0951],[125.4946,10.104],[125.498,10.1006],[125.4976,10.0835],[125.5063,10.0838],[125.4974,10.0772],[125.504,10.0673],[125.5056,10.0768],[125.5095,10.0625],[125.5276,10.0619],[125.5484,10.0845],[125.577,10.0649],[125.576,10.0783],[125.5647,10.0812],[125.5704,10.09],[125.5901,10.0771],[125.5896,10.0618],[125.5975,10.065],[125.5996,10.0596],[125.5906,10.0517],[125.6043,10.0437],[125.5985,10.0422],[125.6009,10.0358],[125.5841,10.0506],[125.5756,10.0435],[125.5894,10.0277],[125.5744,10.0292],[125.5687,10.0185],[125.5696,10.0064],[125.5808,9.9985],[125.5596,9.9911],[125.5721,9.9878],[125.5766,9.9761],[125.5863,9.9896],[125.6057,9.9936],[125.6099,9.9888],[125.5913,9.9781],[125.6033,9.9745],[125.6035,9.9629],[125.6165,9.9599],[125.6114,9.9533],[125.5935,9.9561],[125.591,9.9628],[125.5914,9.9546],[125.6446,9.9357],[125.6486,9.8964],[125.6408,9.8883],[125.6595,9.8533],[125.6669,9.8517],[125.6776,9.8681],[125.7008,9.8652],[125.7072,9.8912],[125.6937,9.915],[125.673,9.9174],[125.6763,9.9355],[125.6567,9.9477],[125.679,9.9622],[125.6724,9.969],[125.6798,9.9697],[125.6793,9.9808],[125.6708,9.9932],[125.6873,10.0211],[125.6846,10.0329],[125.698,10.0595],[125.6843,10.0966],[125.6608,10.1206],[125.6644,10.1427],[125.6584,10.1495],[125.6761,10.1541],[125.6758,10.1685],[125.6654,10.1726],[125.6541,10.1647],[125.6501,10.1845],[125.6439,10.1851],[125.6529,10.1868],[125.6633,10.2027],[125.644,10.243],[125.644,10.2527],[125.6523,10.2504],[125.655,10.2623],[125.6473,10.3065],[125.6732,10.3554],[125.6701,10.3643],[125.6816,10.3917],[125.67,10.4092],[125.6693,10.4293],[125.6528,10.4394],[125.6554,10.4518],[125.6424,10.4716]]],[[[125.7691,11.0326],[125.7632,11.0292],[125.7632,11.0143],[125.7912,10.994],[125.8247,10.9387],[125.8382,10.9402],[125.826,10.97],[125.7691,11.0326]]],[[[124.3139,11.5636],[124.2857,11.5296],[124.2893,11.4932],[124.2998,11.4901],[124.2943,11.4859],[124.2978,11.4677],[124.3106,11.454],[124.3042,11.4494],[124.3138,11.4458],[124.3066,11.4399],[124.3192,11.4221],[124.3176,11.414],[124.3492,11.4054],[124.3426,11.3957],[124.3265,11.3962],[124.3299,11.3795],[124.3367,11.3733],[124.3506,11.3767],[124.3613,11.3653],[124.3556,11.3592],[124.3414,11.3631],[124.3364,11.3427],[124.3442,11.3358],[124.3423,11.314],[124.359,11.3007],[124.3641,11.3076],[124.3716,11.3047],[124.367,11.2885],[124.3813,11.3003],[124.3907,11.297],[124.3846,11.2769],[124.3761,11.2751],[124.3811,11.2583],[124.3893,11.2605],[124.3837,11.2548],[124.3881,11.243],[124.3927,11.2471],[124.4033,11.2398],[124.3962,11.2257],[124.3854,11.2261],[124.3914,11.2124],[124.3835,11.2031],[124.4016,11.1099],[124.3987,11.1029],[124.3888,11.1026],[124.3862,11.0789],[124.3692,11.0631],[124.3818,11.0588],[124.3823,11.0467],[124.3969,11.0319],[124.4024,11.0405],[124.4015,11.0349],[124.4076,11.0351],[124.3991,11.0284],[124.4051,11.0234],[124.4008,11.0137],[124.408,11.0134],[124.4,11.001],[124.4121,10.9858],[124.3887,10.9606],[124.3929,10.9572],[124.375,10.9239],[124.388,10.9131],[124.4067,10.9191],[124.4139,10.9121],[124.416,10.9509],[124.4273,10.9378],[124.4224,10.9269],[124.4388,10.9185],[124.4299,10.8915],[124.4429,10.8874],[124.4512,10.899],[124.4511,10.8907],[124.4696,10.8801],[124.4781,10.8654],[124.5156,10.8679],[124.5507,10.9292],[124.5452,10.9412],[124.5494,10.9651],[124.5378,10.9775],[124.5704,10.9992],[124.5712,11.0109],[124.5899,11.0142],[124.6142,11.001],[124.6229,10.9792],[124.6536,10.9513],[124.6842,10.938],[124.7096,10.8761],[124.7606,10.8199],[124.7828,10.7759],[124.7844,10.7502],[124.7945,10.7287],[124.7924,10.6865],[124.8041,10.6617],[124.7944,10.6385],[124.7756,10.6392],[124.7789,10.6279],[124.7682,10.6127],[124.763,10.5737],[124.7663,10.537],[124.7523,10.5213],[124.7512,10.5087],[124.7286,10.4993],[124.7206,10.4856],[124.7291,10.475],[124.7231,10.406],[124.7329,10.3766],[124.7648,10.3586],[124.7909,10.3187],[124.7915,10.3025],[124.7675,10.2429],[124.7679,10.2092],[124.7532,10.1872],[124.7576,10.1562],[124.7781,10.1335],[124.7843,10.138],[124.805,10.1298],[124.8453,10.1325],[124.8889,10.1213],[124.9044,10.0903],[124.9372,10.0809],[124.9655,10.0456],[125.0109,10.029],[125.0182,10.0101],[125.0278,10.0047],[125.0187,10.0309],[125.0269,10.0468],[125.0235,10.0891],[125.0119,10.1039],[125.0002,10.1447],[125.0041,10.1566],[124.9837,10.1861],[124.9771,10.2141],[124.9867,10.2537],[124.9698,10.377],[124.9818,10.3831],[125.0076,10.381],[125.0251,10.3686],[125.0399,10.3109],[125.0598,10.2861],[125.0779,10.2291],[125.1028,10.1931],[125.1226,10.1785],[125.1186,10.172],[125.1276,10.169],[125.1255,10.1624],[125.1395,10.1724],[125.1251,10.2519],[125.131,10.2769],[125.2172,10.2468],[125.2527,10.2579],[125.268,10.2999],[125.2546,10.3543],[125.258,10.3715],[125.2397,10.3948],[125.2221,10.3825],[125.2147,10.3855],[125.1798,10.4291],[125.1876,10.4423],[125.191,10.4752],[125.1643,10.5335],[125.1765,10.5574],[125.1889,10.5618],[125.187,10.5912],[125.1478,10.6233],[125.1442,10.6373],[125.1124,10.6596],[125.1053,10.6739],[125.1173,10.6961],[125.0905,10.7045],[125.0853,10.713],[125.0412,10.717],[125.0401,10.7285],[125.0279,10.727],[125.0105,10.7575],[125.004,10.8463],[125.0166,10.8972],[125.0347,10.9319],[125.0398,11.0636],[125.0223,11.0937],[125.025,11.1334],[125.0072,11.1578],[125.0256,11.1964],[125.0308,11.2386],[125.0212,11.2364],[125.0186,11.2197],[125.0247,11.2103],[125.0199,11.2078],[125.0048,11.221],[125.0081,11.2516],[124.999,11.2462],[124.9873,11.2608],[124.9793,11.2525],[124.9621,11.28],[124.9619,11.3162],[124.9707,11.3368],[124.9683,11.3685],[124.9801,11.3719],[124.9686,11.3789],[124.9762,11.383],[124.98,11.3992],[124.9684,11.3916],[124.9565,11.3939],[124.9547,11.4151],[124.9417,11.4281],[124.9147,11.4084],[124.9031,11.4222],[124.8987,11.4106],[124.9061,11.4116],[124.8963,11.404],[124.8989,11.3965],[124.8896,11.4343],[124.8804,11.4421],[124.8732,11.4351],[124.8806,11.4078],[124.8693,11.416],[124.8632,11.4091],[124.8548,11.4145],[124.8664,11.416],[124.8623,11.4263],[124.8515,11.4264],[124.8511,11.419],[124.8403,11.4334],[124.8427,11.4232],[124.823,11.4241],[124.815,11.4318],[124.8069,11.3846],[124.7863,11.3737],[124.764,11.3434],[124.7408,11.3293],[124.7305,11.3346],[124.7017,11.3049],[124.6718,11.305],[124.6472,11.2939],[124.6086,11.312],[124.5847,11.305],[124.5513,11.3394],[124.5479,11.3743],[124.5341,11.4032],[124.5372,11.4258],[124.4873,11.4454],[124.481,11.4612],[124.477,11.4494],[124.4628,11.4456],[124.4651,11.4265],[124.4807,11.4084],[124.4833,11.3829],[124.4742,11.3764],[124.4562,11.4137],[124.4091,11.4771],[124.3139,11.5636]]],[[[124.8939,11.6124],[124.8757,11.5921],[124.8868,11.5797],[124.8913,11.5883],[124.9062,11.5879],[124.8923,11.5921],[124.8987,11.6023],[124.8935,11.6021],[124.8939,11.6124]]],[[[124.4263,11.7072],[124.3724,11.6928],[124.347,11.6763],[124.3402,11.6816],[124.3346,11.6732],[124.3611,11.6571],[124.3564,11.6437],[124.3772,11.6276],[124.38,11.6064],[124.3952,11.5958],[124.3889,11.5593],[124.4065,11.5356],[124.4181,11.5352],[124.4235,11.5151],[124.444,11.4963],[124.4414,11.4888],[124.4628,11.4759],[124.4628,11.4673],[124.4803,11.4627],[124.5019,11.4724],[124.5022,11.4807],[124.5113,11.4694],[124.5455,11.4783],[124.5473,11.4721],[124.5552,11.4783],[124.5753,11.4724],[124.6019,11.4916],[124.6057,11.4885],[124.616,11.5117],[124.617,11.5433],[124.5832,11.5671],[124.5774,11.5927],[124.5636,11.6034],[124.5653,11.6203],[124.5398,11.6594],[124.537,11.6748],[124.5122,11.6805],[124.4653,11.7059],[124.4374,11.7013],[124.4263,11.7072]]],[[[124.8228,11.7097],[124.8262,11.6915],[124.82,11.685],[124.8401,11.6699],[124.831,11.659],[124.8417,11.6403],[124.8353,11.6322],[124.8405,11.6282],[124.845,11.6364],[124.86,11.6197],[124.8747,11.6216],[124.8738,11.6281],[124.8822,11.6246],[124.871,11.6482],[124.8951,11.6655],[124.8901,11.68],[124.8845,11.6846],[124.8708,11.674],[124.8589,11.6772],[124.8652,11.6858],[124.8612,11.6915],[124.846,11.685],[124.832,11.6932],[124.8311,11.7047],[124.8228,11.7097]]],[[[124.7274,11.7327],[124.7256,11.7261],[124.7159,11.7263],[124.7255,11.717],[124.7278,11.7211],[124.7292,11.7105],[124.7202,11.7042],[124.706,11.7133],[124.7089,11.6983],[124.7169,11.706],[124.7247,11.6959],[124.723,11.6744],[124.7169,11.6732],[124.7244,11.6632],[124.7311,11.6766],[124.7369,11.6397],[124.7411,11.6504],[124.749,11.6507],[124.7698,11.6245],[124.7618,11.6242],[124.7895,11.6062],[124.7824,11.5946],[124.7611,11.6091],[124.7661,11.5746],[124.8064,11.5658],[124.8044,11.5587],[124.7896,11.5592],[124.7913,11.5485],[124.8235,11.53],[124.8392,11.5498],[124.8329,11.5582],[124.8394,11.5753],[124.8307,11.5802],[124.8502,11.6],[124.834,11.6043],[124.8288,11.5975],[124.8262,11.606],[124.8136,11.6024],[124.806,11.6097],[124.8,11.6089],[124.8026,11.5997],[124.7947,11.6004],[124.7956,11.613],[124.7875,11.6208],[124.7956,11.6216],[124.7915,11.63],[124.8074,11.6451],[124.7836,11.6567],[124.7869,11.6631],[124.7787,11.6698],[124.7677,11.668],[124.7822,11.691],[124.7622,11.6863],[124.7632,11.6796],[124.7545,11.6767],[124.7571,11.695],[124.7394,11.7008],[124.7352,11.7102],[124.7439,11.7092],[124.7326,11.7167],[124.7274,11.7327]]],[[[124.7457,11.739],[124.7561,11.7296],[124.7499,11.7265],[124.7531,11.7113],[124.7469,11.7157],[124.7523,11.7017],[124.7656,11.6976],[124.7745,11.7029],[124.7761,11.7304],[124.7575,11.7261],[124.7602,11.7347],[124.7457,11.739]]],[[[124.3177,11.8173],[124.2951,11.8002],[124.2926,11.7875],[124.3033,11.7708],[124.325,11.7599],[124.3479,11.7735],[124.3502,11.8026],[124.3459,11.8101],[124.3177,11.8173]]],[[[124.684,11.8304],[124.6731,11.8213],[124.6838,11.8179],[124.6855,11.8044],[124.697,11.7959],[124.6831,11.8192],[124.69,11.8277],[124.684,11.8304]]],[[[124.6966,11.837],[124.6876,11.8364],[124.6916,11.8184],[124.7007,11.8304],[124.7087,11.8255],[124.708,11.834],[124.6966,11.837]]],[[[124.6405,11.921],[124.6324,11.9168],[124.6336,11.9084],[124.6572,11.8896],[124.6643,11.9091],[124.6597,11.9146],[124.6446,11.9083],[124.6405,11.921]]],[[[124.4439,11.933],[124.4225,11.9209],[124.4111,11.8975],[124.4502,11.8797],[124.467,11.8911],[124.4534,11.9303],[124.4511,11.9248],[124.4439,11.933]]],[[[124.3323,11.9603],[124.3185,11.9507],[124.3076,11.9545],[124.2996,11.9332],[124.2884,11.9253],[124.2806,11.929],[124.2731,11.9117],[124.2866,11.9064],[124.2793,11.8978],[124.2957,11.8948],[124.3112,11.9018],[124.316,11.9232],[124.3383,11.939],[124.3323,11.9603]]],[[[124.4222,11.9919],[124.4029,11.9852],[124.4095,11.9799],[124.4035,11.9668],[124.4283,11.9563],[124.4368,11.9758],[124.4222,11.9919]]],[[[124.2215,12.084],[124.212,12.0753],[124.2081,12.0814],[124.1682,12.0768],[124.1576,12.0626],[124.1501,12.0624],[124.1578,12.0489],[124.1479,12.0552],[124.1452,12.0463],[124.1754,12.031],[124.1807,12.0469],[124.202,12.0479],[124.2152,12.0669],[124.2208,12.0579],[124.2263,12.0639],[124.2375,12.058],[124.2368,12.0822],[124.2215,12.084]]],[[[124.0992,12.2906],[124.0844,12.2815],[124.0976,12.2757],[124.0988,12.2564],[124.1103,12.2623],[124.1139,12.2757],[124.0992,12.2906]]],[[[124.2464,12.4595],[124.24,12.4499],[124.2497,12.4039],[124.2621,12.3741],[124.2761,12.3626],[124.2857,12.3855],[124.2798,12.4145],[124.2464,12.4595]]],[[[124.1415,12.4831],[124.1331,12.4544],[124.139,12.4319],[124.1501,12.4103],[124.1823,12.381],[124.1911,12.3905],[124.1924,12.4127],[124.1415,12.4831]]],[[[124.4276,12.5808],[124.4124,12.5571],[124.4473,12.536],[124.4559,12.5544],[124.4316,12.5629],[124.4362,12.5687],[124.4276,12.5808]]],[[[125.1454,12.5848],[125.1423,12.5743],[125.1116,12.5635],[125.1015,12.5701],[125.0995,12.5818],[125.0728,12.5788],[125.0814,12.5408],[125.0718,12.5355],[125.0523,12.5419],[125.0608,12.5467],[125.0412,12.5313],[125.0284,12.5302],[125.013,12.5646],[124.9753,12.5495],[124.9611,12.5592],[124.962,12.582],[124.9565,12.5841],[124.9411,12.5705],[124.9119,12.5666],[124.8587,12.5846],[124.8827,12.565],[124.8784,12.5503],[124.8603,12.5313],[124.8121,12.5314],[124.7986,12.5426],[124.7504,12.5174],[124.6761,12.5086],[124.6613,12.518],[124.6331,12.5082],[124.5617,12.5341],[124.5544,12.524],[124.5382,12.5269],[124.5124,12.5193],[124.4944,12.5338],[124.4819,12.5274],[124.4742,12.5373],[124.464,12.521],[124.4591,12.5298],[124.4665,12.5347],[124.4667,12.546],[124.4548,12.534],[124.4363,12.5362],[124.429,12.5301],[124.4149,12.5492],[124.4,12.5492],[124.4059,12.5612],[124.3911,12.5668],[124.388,12.544],[124.3718,12.5489],[124.3778,12.5553],[124.3552,12.5564],[124.3571,12.5381],[124.3403,12.5465],[124.3388,12.5385],[124.3293,12.5353],[124.3253,12.5551],[124.3176,12.5506],[124.3173,12.5591],[124.2996,12.5626],[124.2888,12.5841],[124.2703,12.5714],[124.2729,12.5652],[124.265,12.5625],[124.2609,12.5496],[124.2825,12.5175],[124.2846,12.4673],[124.3087,12.4438],[124.3163,12.445],[124.3103,12.4389],[124.3221,12.4273],[124.3262,12.385],[124.3318,12.3749],[124.3356,12.382],[124.341,12.3761],[124.3332,12.348],[124.3445,12.3208],[124.3382,12.315],[124.3457,12.2915],[124.3552,12.2879],[124.3899,12.1958],[124.4163,12.1802],[124.4182,12.1672],[124.4265,12.1699],[124.4492,12.1546],[124.4507,12.1375],[124.4671,12.1316],[124.4828,12.1002],[124.4998,12.0952],[124.5002,12.0832],[124.512,12.0827],[124.5145,12.0746],[124.5225,12.0771],[124.5357,12.0583],[124.5659,12.067],[124.5926,12.0599],[124.5943,12.066],[124.6358,12.0522],[124.6833,12.0107],[124.6917,12.0102],[124.6909,11.9883],[124.7008,11.9807],[124.6865,11.9765],[124.6915,11.9625],[124.7007,11.9581],[124.6963,11.9543],[124.7113,11.9419],[124.7239,11.9462],[124.7327,11.9291],[124.7447,11.9306],[124.7498,11.9149],[124.7372,11.8965],[124.7534,11.9039],[124.7676,11.8979],[124.7651,11.9058],[124.7762,11.8998],[124.771,11.908],[124.7787,11.9051],[124.7783,11.9102],[124.7931,11.9133],[124.8097,11.9065],[124.8103,11.8953],[124.8236,11.8901],[124.824,11.8838],[124.8217,11.888],[124.8166,11.8826],[124.8057,11.8892],[124.8026,11.9019],[124.7893,11.9041],[124.7998,11.8876],[124.7845,11.8883],[124.7768,11.8791],[124.7989,11.8708],[124.785,11.8707],[124.7875,11.865],[124.7762,11.8599],[124.7975,11.8589],[124.8053,11.8499],[124.7959,11.8479],[124.815,11.8405],[124.813,11.8453],[124.8207,11.8452],[124.8359,11.8304],[124.8387,11.8157],[124.8208,11.8106],[124.8264,11.81],[124.8292,11.7953],[124.8397,11.8019],[124.8388,11.8156],[124.8598,11.8114],[124.8542,11.8054],[124.8623,11.8028],[124.8658,11.7915],[124.8579,11.7907],[124.8801,11.7791],[124.8858,11.7534],[124.9006,11.7557],[124.9086,11.7408],[124.9184,11.7428],[124.9599,11.7673],[124.9971,11.7796],[125.0129,11.7785],[125.0444,11.7501],[125.0387,11.7427],[125.0407,11.7255],[125.0358,11.7367],[125.0288,11.7354],[125.0179,11.718],[125.021,11.7111],[124.973,11.6698],[124.9747,11.6541],[124.9947,11.6194],[124.9911,11.6118],[124.985,11.617],[124.9571,11.5969],[124.9627,11.5822],[124.9534,11.5731],[124.9363,11.5741],[124.9266,11.5671],[124.9052,11.5791],[124.8962,11.5731],[124.8815,11.5774],[124.8771,11.5585],[124.885,11.5501],[124.8871,11.5569],[124.8943,11.5544],[124.8937,11.5387],[124.8747,11.5323],[124.8591,11.547],[124.8393,11.5388],[124.8416,11.5315],[124.8304,11.5254],[124.836,11.5198],[124.8312,11.5098],[124.819,11.5159],[124.8317,11.4984],[124.8223,11.4969],[124.8224,11.4911],[124.8344,11.4842],[124.83,11.4754],[124.8376,11.4755],[124.8403,11.4655],[124.8598,11.4636],[124.879,11.4728],[124.8905,11.4633],[124.8909,11.4762],[124.8835,11.4805],[124.8929,11.4947],[124.8878,11.5081],[124.8931,11.5097],[124.9065,11.497],[124.8988,11.4948],[124.9023,11.4707],[124.9406,11.4487],[124.9611,11.4545],[124.9641,11.4315],[124.9845,11.4242],[124.9965,11.4275],[124.9842,11.4204],[124.9854,11.3903],[124.9936,11.3889],[124.9865,11.377],[124.9972,11.352],[124.9731,11.3225],[124.9784,11.2836],[124.9886,11.2856],[125.005,11.2679],[125.0137,11.2771],[125.0662,11.2779],[125.0691,11.2864],[125.0978,11.2792],[125.1244,11.2842],[125.151,11.2754],[125.1771,11.2342],[125.179,11.1986],[125.1947,11.1832],[125.1951,11.1622],[125.2089,11.1274],[125.2017,11.1247],[125.2123,11.1161],[125.2043,11.1168],[125.2118,11.1093],[125.2093,11.0981],[125.2343,11.086],[125.2433,11.0945],[125.2468,11.1226],[125.2571,11.1187],[125.2665,11.1365],[125.2974,11.1429],[125.3102,11.1245],[125.3193,11.1273],[125.3184,11.1167],[125.3322,11.1152],[125.3379,11.1239],[125.3574,11.1207],[125.3733,11.1],[125.3837,11.1091],[125.4074,11.0997],[125.4013,11.0927],[125.4074,11.0818],[125.4327,11.0915],[125.4348,11.1113],[125.4546,11.0988],[125.4489,11.1178],[125.4584,11.118],[125.4619,11.1261],[125.4793,11.1143],[125.4796,11.1055],[125.4892,11.1106],[125.481,11.1018],[125.4829,11.0939],[125.4907,11.1023],[125.5113,11.0814],[125.5203,11.1121],[125.5175,11.1341],[125.5236,11.143],[125.5225,11.1273],[125.5324,11.1329],[125.5288,11.1473],[125.5344,11.1528],[125.555,11.1431],[125.5609,11.1521],[125.5725,11.1498],[125.5675,11.1312],[125.5589,11.1267],[125.5695,11.1277],[125.5786,11.107],[125.6605,11.1424],[125.6669,11.1355],[125.6581,11.1222],[125.6987,11.1085],[125.6728,11.0829],[125.687,11.0774],[125.6905,11.0681],[125.7023,11.0671],[125.7181,11.0288],[125.7559,11.0108],[125.7599,11.0458],[125.7324,11.0902],[125.6954,11.1312],[125.6856,11.1666],[125.6651,11.1982],[125.5967,11.2325],[125.5878,11.2254],[125.6277,11.1967],[125.6133,11.196],[125.6149,11.1886],[125.6041,11.189],[125.6047,11.1947],[125.5881,11.1878],[125.5979,11.1803],[125.5922,11.178],[125.561,11.1874],[125.5553,11.1819],[125.5475,11.193],[125.5402,11.1887],[125.5403,11.1958],[125.5346,11.1948],[125.5392,11.2139],[125.5341,11.2202],[125.547,11.2597],[125.5675,11.2716],[125.5731,11.286],[125.6114,11.3023],[125.6127,11.3159],[125.6263,11.3254],[125.6219,11.3339],[125.6328,11.3372],[125.6325,11.3559],[125.6227,11.3681],[125.5977,11.3729],[125.6013,11.3784],[125.5852,11.3877],[125.5842,11.3991],[125.5633,11.3932],[125.567,11.405],[125.553,11.4054],[125.5504,11.4207],[125.5386,11.4305],[125.544,11.4379],[125.5292,11.4401],[125.523,11.4538],[125.4937,11.4479],[125.5115,11.469],[125.5276,11.475],[125.5144,11.4785],[125.5143,11.4942],[125.496,11.5072],[125.4696,11.5453],[125.4674,11.5714],[125.4748,11.5909],[125.4508,11.5883],[125.4421,11.5959],[125.4474,11.6076],[125.4391,11.607],[125.44,11.6201],[125.4492,11.6305],[125.4572,11.6289],[125.4547,11.6365],[125.4635,11.6444],[125.451,11.6495],[125.4554,11.6556],[125.4464,11.6545],[125.4479,11.6628],[125.4556,11.661],[125.4519,11.6689],[125.4614,11.6684],[125.4627,11.6743],[125.482,11.6654],[125.4925,11.6712],[125.4843,11.6822],[125.4736,11.6787],[125.4707,11.6854],[125.4828,11.695],[125.4708,11.7044],[125.4786,11.715],[125.4612,11.7326],[125.4702,11.7355],[125.4616,11.7592],[125.4392,11.7385],[125.4254,11.748],[125.4334,11.7579],[125.4182,11.7525],[125.4133,11.7574],[125.4159,11.7643],[125.4274,11.7653],[125.4285,11.7775],[125.4361,11.7668],[125.4396,11.7813],[125.4491,11.7709],[125.4624,11.7723],[125.4741,11.7928],[125.4647,11.8164],[125.4583,11.8203],[125.4509,11.8144],[125.4353,11.8273],[125.4352,11.8577],[125.4438,11.8692],[125.4311,11.8715],[125.4206,11.8934],[125.4201,11.9047],[125.4297,11.9053],[125.4226,11.913],[125.4302,11.9231],[125.4224,11.9297],[125.4337,11.9362],[125.4262,11.9559],[125.4476,11.9701],[125.4561,11.9936],[125.4453,11.992],[125.4607,11.9989],[125.4864,12.0274],[125.48,12.035],[125.4917,12.0333],[125.4945,12.0453],[125.5157,12.0604],[125.4902,12.0629],[125.4973,12.0699],[125.487,12.0802],[125.4795,12.0781],[125.4804,12.0902],[125.4639,12.0909],[125.4774,12.0978],[125.4892,12.0944],[125.486,12.1023],[125.4749,12.1082],[125.4609,12.0983],[125.445,12.1017],[125.4368,12.1266],[125.4427,12.1376],[125.4657,12.1378],[125.4644,12.1451],[125.474,12.1453],[125.4693,12.1555],[125.4569,12.1541],[125.4569,12.1668],[125.4757,12.166],[125.4822,12.1763],[125.4967,12.1696],[125.4977,12.1837],[125.5116,12.1717],[125.515,12.1924],[125.5077,12.2047],[125.4973,12.2064],[125.4949,12.2171],[125.4881,12.2167],[125.4966,12.2027],[125.4867,12.2122],[125.482,12.2084],[125.4852,12.2233],[125.4784,12.2307],[125.4657,12.2356],[125.4567,12.2269],[125.4641,12.2422],[125.4525,12.2594],[125.438,12.264],[125.4385,12.2731],[125.4318,12.2675],[125.4111,12.2849],[125.4114,12.272],[125.4046,12.2685],[125.3999,12.2799],[125.3881,12.2801],[125.3854,12.2663],[125.3779,12.2641],[125.3742,12.2753],[125.3674,12.2701],[125.3675,12.2772],[125.3573,12.2778],[125.3683,12.2907],[125.3803,12.2885],[125.3824,12.3023],[125.3564,12.3055],[125.3579,12.2878],[125.3381,12.2693],[125.3173,12.2739],[125.3241,12.2835],[125.3363,12.2739],[125.341,12.2827],[125.3396,12.2951],[125.3293,12.2985],[125.3389,12.309],[125.3352,12.3182],[125.3224,12.3011],[125.2932,12.2901],[125.2867,12.3068],[125.2973,12.3039],[125.3028,12.3197],[125.3202,12.3273],[125.3165,12.3326],[125.3081,12.3265],[125.3062,12.3338],[125.2925,12.3295],[125.2863,12.3371],[125.293,12.3449],[125.2856,12.3556],[125.3054,12.364],[125.2973,12.3703],[125.3059,12.3826],[125.2981,12.3845],[125.3159,12.3861],[125.2986,12.3968],[125.3056,12.4024],[125.3322,12.3964],[125.3399,12.4055],[125.3077,12.4145],[125.2895,12.4424],[125.291,12.4685],[125.2731,12.4782],[125.2589,12.4739],[125.2564,12.4788],[125.2681,12.4891],[125.2551,12.4933],[125.2219,12.5288],[125.2143,12.5233],[125.2106,12.5341],[125.1516,12.574],[125.1454,12.5848]]],[[[124.4861,12.5864],[124.4736,12.5787],[124.4896,12.5702],[124.4998,12.5407],[124.5199,12.5426],[124.5018,12.576],[124.4861,12.5864]]],[[[124.359,12.6276],[124.3542,12.6237],[124.3583,12.5951],[124.3765,12.5866],[124.3804,12.5962],[124.3941,12.5818],[124.3998,12.5889],[124.3934,12.6026],[124.359,12.6276]]],[[[124.9936,12.6426],[124.9897,12.6303],[124.996,12.6252],[124.9902,12.6181],[125.001,12.606],[125.0039,12.5723],[125.0218,12.5686],[125.0307,12.5525],[125.0539,12.553],[125.0698,12.5732],[125.0587,12.587],[125.0393,12.5835],[125.0157,12.5955],[125.011,12.6251],[124.9936,12.6426]]],[[[124.3988,12.678],[124.3953,12.6745],[124.4144,12.6524],[124.4264,12.652],[124.4237,12.6683],[124.4178,12.6702],[124.4179,12.6596],[124.4092,12.6746],[124.3988,12.678]]],[[[125.0625,12.686],[125.0372,12.6822],[125.0306,12.6718],[125.0373,12.6652],[125.028,12.6582],[125.0287,12.6498],[125.0601,12.6368],[125.0571,12.626],[125.0499,12.6273],[125.0544,12.6232],[125.0333,12.62],[125.0558,12.6046],[125.0886,12.6024],[125.089,12.6194],[125.0743,12.6214],[125.0742,12.663],[125.0625,12.686]]],[[[124.3564,12.6964],[124.3661,12.6546],[124.3864,12.6376],[124.3861,12.644],[124.3938,12.6399],[124.3951,12.6558],[124.3877,12.6644],[124.3917,12.674],[124.3564,12.6964]]],[[[120.8467,18.651],[120.8271,18.6349],[120.7992,18.6332],[120.783,18.622],[120.7777,18.6009],[120.7855,18.5925],[120.7876,18.5697],[120.7615,18.5396],[120.7344,18.53],[120.704,18.5291],[120.6685,18.5319],[120.6358,18.548],[120.6246,18.5457],[120.5986,18.5182],[120.582,18.5147],[120.564,18.4927],[120.5698,18.4635],[120.5797,18.461],[120.5949,18.4113],[120.6003,18.3674],[120.5947,18.3226],[120.5671,18.2792],[120.5487,18.2336],[120.5235,18.2048],[120.5122,18.1354],[120.4706,18.0866],[120.4778,18.0814],[120.481,18.0567],[120.4738,18.031],[120.4979,17.9974],[120.4808,17.9775],[120.4761,17.98],[120.4654,17.9435],[120.4293,17.9156],[120.437,17.9026],[120.4447,17.902],[120.4491,17.8753],[120.44,17.8658],[120.4575,17.8252],[120.4531,17.8191],[120.4356,17.8236],[120.4355,17.8133],[120.4027,17.797],[120.4061,17.7809],[120.4261,17.774],[120.4072,17.7585],[120.4295,17.7547],[120.4362,17.7338],[120.4196,17.7281],[120.4119,17.7051],[120.3893,17.6927],[120.3803,17.6952],[120.3743,17.6829],[120.3627,17.6839],[120.3574,17.6934],[120.3519,17.6826],[120.3711,17.6724],[120.3521,17.6343],[120.3454,17.5606],[120.3927,17.5115],[120.39,17.5172],[120.4186,17.5157],[120.4159,17.5081],[120.424,17.507],[120.4227,17.4956],[120.4356,17.4802],[120.432,17.4502],[120.4478,17.4455],[120.4613,17.4078],[120.4485,17.3738],[120.4534,17.3556],[120.4451,17.3527],[120.4441,17.3373],[120.4274,17.3365],[120.4225,17.2886],[120.4351,17.2869],[120.4218,17.2761],[120.4206,17.2321],[120.4044,17.2108],[120.4158,17.2016],[120.4263,17.169],[120.4371,17.0774],[120.4482,17.0435],[120.4499,16.9982],[120.4439,16.9721],[120.4018,16.9056],[120.4001,16.8822],[120.3735,16.8577],[120.3353,16.8367],[120.3251,16.8005],[120.3368,16.7601],[120.3345,16.7428],[120.3412,16.7351],[120.3363,16.6793],[120.3077,16.6445],[120.3164,16.6293],[120.3091,16.6135],[120.2947,16.6095],[120.2819,16.6253],[120.2779,16.6183],[120.2993,16.6026],[120.3,16.5825],[120.3198,16.5753],[120.3189,16.5432],[120.3049,16.5189],[120.304,16.5011],[120.3224,16.4886],[120.3298,16.4696],[120.3341,16.4204],[120.3203,16.384],[120.3302,16.377],[120.3439,16.3447],[120.3423,16.2966],[120.3763,16.2384],[120.3831,16.2402],[120.3745,16.2447],[120.364,16.2726],[120.3745,16.273],[120.3984,16.2532],[120.3945,16.2484],[120.4013,16.2491],[120.4175,16.2056],[120.4231,16.1624],[120.3622,16.0953],[120.3328,16.0753],[120.3304,16.0625],[120.3281,16.0695],[120.2322,16.0374],[120.2147,16.0375],[120.1914,16.049],[120.171,16.0371],[120.1424,16.0381],[120.1104,16.0628],[120.0971,16.0652],[120.0989,16.0812],[120.1057,16.0842],[120.1121,16.0736],[120.1139,16.0788],[120.1059,16.0918],[120.0948,16.0938],[120.0886,16.1078],[120.0932,16.1243],[120.1053,16.1249],[120.0869,16.1458],[120.0965,16.1458],[120.1056,16.1351],[120.1109,16.1455],[120.0922,16.157],[120.088,16.168],[120.0728,16.1629],[120.0727,16.1784],[120.0646,16.1728],[120.0474,16.1777],[120.0453,16.1925],[120.0442,16.1851],[120.0353,16.1846],[120.0432,16.1945],[120.0403,16.1886],[120.0295,16.1918],[120.0264,16.1733],[120.0122,16.1709],[120.004,16.1928],[119.9711,16.2111],[119.9807,16.2215],[119.9771,16.2284],[119.9627,16.2318],[119.9573,16.2203],[119.9531,16.2374],[119.9303,16.2427],[119.9281,16.2511],[119.9244,16.2446],[119.9184,16.2478],[119.9238,16.2546],[119.9131,16.2637],[119.922,16.2761],[119.9136,16.2997],[119.9286,16.3333],[119.93,16.367],[119.9272,16.361],[119.9198,16.3687],[119.9251,16.3835],[119.91,16.3784],[119.9014,16.3922],[119.883,16.3882],[119.8817,16.3935],[119.8565,16.3682],[119.8557,16.3568],[119.8368,16.3635],[119.8167,16.36],[119.7888,16.3327],[119.7722,16.2763],[119.7728,16.2494],[119.7835,16.2388],[119.7671,16.2175],[119.7534,16.1703],[119.754,16.1645],[119.7707,16.1645],[119.7706,16.1463],[119.7813,16.133],[119.7744,16.1173],[119.7636,16.1128],[119.77,16.085],[119.7558,16.0502],[119.7746,16.0236],[119.76,16.0119],[119.7633,15.9888],[119.7499,15.9642],[119.7735,15.9159],[119.7842,15.9316],[119.805,15.9226],[119.8129,15.9565],[119.8568,15.964],[119.8944,15.8745],[119.9093,15.8583],[119.9128,15.8355],[119.8816,15.8147],[119.8916,15.8114],[119.8856,15.8095],[119.9112,15.7592],[119.9049,15.7462],[119.8868,15.7489],[119.8719,15.7421],[119.8694,15.7334],[119.8995,15.7014],[119.9179,15.7059],[119.9359,15.6873],[119.9226,15.6547],[119.924,15.6397],[119.9132,15.6229],[119.9035,15.6223],[119.9118,15.5985],[119.9194,15.5987],[119.9134,15.5963],[119.9172,15.5596],[119.9238,15.5622],[119.9291,15.5557],[119.9239,15.5625],[119.9281,15.5715],[119.9504,15.5709],[119.9506,15.5621],[119.9372,15.5546],[119.9506,15.5445],[119.9453,15.5327],[119.9674,15.5202],[119.9605,15.5167],[119.9687,15.5062],[119.959,15.5079],[119.9615,15.5042],[119.9459,15.4968],[119.9487,15.4841],[119.9428,15.4779],[119.9195,15.4762],[119.9041,15.4928],[119.902,15.47],[119.9185,15.4485],[119.9031,15.4378],[119.8969,15.4408],[119.8901,15.431],[119.9073,15.419],[119.9037,15.4027],[119.9172,15.3984],[119.9651,15.3489],[119.9643,15.3268],[120.0157,15.2661],[120.0109,15.2338],[120.0297,15.1893],[120.0593,15.0649],[120.0536,15.0373],[120.065,15.006],[120.0561,14.9376],[120.0624,14.9182],[120.0535,14.8871],[120.0579,14.8795],[120.0707,14.8785],[120.0642,14.8711],[120.0746,14.8619],[120.0706,14.8536],[120.0838,14.8537],[120.0801,14.8144],[120.0935,14.8227],[120.1093,14.8175],[120.0865,14.7999],[120.0835,14.7867],[120.0898,14.7803],[120.1207,14.7831],[120.1336,14.7694],[120.1198,14.7585],[120.1386,14.752],[120.1485,14.7563],[120.1587,14.7381],[120.1696,14.748],[120.178,14.7408],[120.1929,14.7568],[120.2081,14.8076],[120.2152,14.8091],[120.208,14.8197],[120.2149,14.8275],[120.2037,14.8609],[120.2061,14.873],[120.229,14.8787],[120.2448,14.8494],[120.2666,14.8476],[120.2676,14.8231],[120.2891,14.8126],[120.2864,14.8226],[120.2915,14.8235],[120.2975,14.8023],[120.2879,14.7934],[120.2841,14.8007],[120.2708,14.798],[120.263,14.805],[120.2653,14.7954],[120.2584,14.7884],[120.2813,14.78],[120.2663,14.771],[120.2583,14.7742],[120.262,14.7661],[120.242,14.7616],[120.2488,14.7485],[120.2777,14.7444],[120.2795,14.7362],[120.2543,14.7342],[120.2484,14.6917],[120.2654,14.669],[120.2756,14.6698],[120.2891,14.6591],[120.3022,14.6353],[120.3127,14.6399],[120.3124,14.6261],[120.3309,14.6363],[120.346,14.6322],[120.3486,14.6196],[120.368,14.6258],[120.3944,14.5801],[120.3829,14.5686],[120.3911,14.5606],[120.3813,14.5486],[120.3903,14.5451],[120.3893,14.5359],[120.3747,14.5247],[120.3811,14.5167],[120.3773,14.4981],[120.39,14.4802],[120.3822,14.4732],[120.3935,14.4698],[120.3885,14.4601],[120.4219,14.4529],[120.4249,14.4407],[120.4311,14.4469],[120.4391,14.4412],[120.4468,14.4459],[120.4594,14.4343],[120.4572,14.4263],[120.4675,14.4263],[120.4636,14.4195],[120.4723,14.4216],[120.4694,14.4145],[120.4799,14.4191],[120.4775,14.4093],[120.4843,14.417],[120.4853,14.4106],[120.4903,14.4164],[120.5002,14.408],[120.4844,14.4283],[120.496,14.4369],[120.5037,14.4331],[120.5079,14.4382],[120.5197,14.4227],[120.5221,14.4294],[120.5401,14.4212],[120.5633,14.4234],[120.5676,14.4307],[120.5711,14.4257],[120.5704,14.4321],[120.6091,14.4684],[120.6039,14.4722],[120.61,14.5017],[120.6179,14.5017],[120.6104,14.5027],[120.606,14.5297],[120.6128,14.5336],[120.6009,14.5386],[120.6005,14.5598],[120.5865,14.5922],[120.5841,14.6432],[120.5663,14.6899],[120.5588,14.6893],[120.567,14.6944],[120.5625,14.7006],[120.5597,14.6943],[120.5621,14.7016],[120.5538,14.704],[120.5454,14.7209],[120.5552,14.7496],[120.5487,14.792],[120.5388,14.8096],[120.5443,14.8138],[120.543,14.8039],[120.5537,14.7918],[120.5559,14.8089],[120.5423,14.8211],[120.5504,14.8169],[120.5594,14.8268],[120.5774,14.8243],[120.5809,14.8142],[120.5848,14.8214],[120.5752,14.8314],[120.5761,14.8406],[120.568,14.8405],[120.5701,14.8486],[120.5842,14.825],[120.6027,14.8295],[120.5991,14.8224],[120.6113,14.8048],[120.6217,14.8123],[120.6221,14.7933],[120.6327,14.7984],[120.6523,14.7679],[120.6552,14.7741],[120.6549,14.7675],[120.6622,14.7672],[120.6675,14.7688],[120.663,14.7741],[120.6722,14.7696],[120.6741,14.7747],[120.686,14.7702],[120.6943,14.7748],[120.6984,14.7683],[120.7241,14.7635],[120.7382,14.7734],[120.75,14.7588],[120.7506,14.7732],[120.758,14.7779],[120.7557,14.7589],[120.7665,14.7689],[120.784,14.7575],[120.7906,14.7676],[120.7903,14.7607],[120.8014,14.7549],[120.8043,14.7614],[120.817,14.7602],[120.8189,14.7779],[120.8215,14.7576],[120.8297,14.7579],[120.827,14.7709],[120.8326,14.764],[120.8414,14.7655],[120.8368,14.7459],[120.865,14.7195],[120.8678,14.7245],[120.8808,14.7202],[120.8785,14.7147],[120.8877,14.7099],[120.905,14.7242],[120.9049,14.7159],[120.9105,14.7156],[120.9002,14.7142],[120.9034,14.704],[120.9479,14.6524],[120.9468,14.644],[120.9578,14.6336],[120.9414,14.634],[120.9593,14.6294],[120.9536,14.6259],[120.9605,14.6008],[120.9483,14.6119],[120.9542,14.6011],[120.9358,14.6024],[120.9434,14.5948],[120.9668,14.5964],[120.9539,14.5903],[120.959,14.5847],[120.9649,14.592],[120.9619,14.5832],[120.9727,14.5832],[120.9859,14.5601],[120.9798,14.5624],[120.9806,14.5188],[120.9742,14.5081],[120.9897,14.5026],[120.9853,14.492],[120.9847,14.5033],[120.976,14.4926],[120.9721,14.4814],[120.9806,14.4928],[120.9782,14.4827],[120.9269,14.4608],[120.9194,14.4677],[120.923,14.4603],[120.9182,14.4619],[120.9153,14.4502],[120.9055,14.4577],[120.9027,14.449],[120.8983,14.4573],[120.8947,14.4498],[120.887,14.4656],[120.9057,14.4811],[120.921,14.4808],[120.9035,14.4837],[120.9175,14.499],[120.8936,14.4917],[120.8712,14.4309],[120.8502,14.421],[120.8369,14.3957],[120.7904,14.3603],[120.7686,14.3317],[120.7322,14.3163],[120.7147,14.2865],[120.7104,14.2917],[120.6782,14.2798],[120.6626,14.285],[120.6578,14.278],[120.6554,14.2857],[120.6493,14.2738],[120.6433,14.279],[120.6346,14.2655],[120.6305,14.2722],[120.6228,14.2667],[120.6213,14.2213],[120.6092,14.2283],[120.6003,14.2203],[120.596,14.2297],[120.5878,14.2295],[120.5907,14.2188],[120.584,14.212],[120.5949,14.2099],[120.5923,14.2028],[120.5837,14.204],[120.583,14.1936],[120.5974,14.1893],[120.5949,14.1801],[120.6064,14.1856],[120.613,14.1776],[120.5757,14.1703],[120.5905,14.1683],[120.5966,14.1621],[120.585,14.1572],[120.6063,14.1549],[120.61,14.1457],[120.5864,14.1437],[120.5933,14.1331],[120.5685,14.1345],[120.5952,14.1306],[120.5928,14.1195],[120.607,14.1209],[120.6093,14.1138],[120.6166,14.118],[120.6241,14.1094],[120.6171,14.0859],[120.6227,14.0853],[120.6251,14.0586],[120.6223,14.0387],[120.6143,14.0325],[120.6201,14.0177],[120.6155,14.0123],[120.6264,14.0038],[120.6228,13.9954],[120.6323,13.9832],[120.6252,13.9687],[120.6121,13.9682],[120.6041,13.9792],[120.6029,13.9736],[120.6186,13.955],[120.6123,13.9397],[120.6207,13.9292],[120.6185,13.9124],[120.6256,13.8967],[120.6169,13.8821],[120.6239,13.8469],[120.6181,13.8355],[120.6242,13.831],[120.6222,13.8215],[120.6308,13.821],[120.6214,13.8112],[120.631,13.8071],[120.653,13.7705],[120.6658,13.7708],[120.6761,13.7892],[120.6517,13.8298],[120.6563,13.8563],[120.6868,13.8544],[120.7121,13.8399],[120.7227,13.849],[120.719,13.8649],[120.6978,13.8907],[120.7077,13.9219],[120.741,13.9363],[120.7902,13.9281],[120.8812,13.9009],[120.9133,13.8736],[120.9153,13.8305],[120.9017,13.8221],[120.9282,13.781],[120.9274,13.7622],[120.907,13.7551],[120.8736,13.7198],[120.8929,13.6827],[120.9172,13.6997],[120.9634,13.772],[120.9791,13.7825],[121.0026,13.7815],[121.0381,13.7627],[121.0428,13.7665],[121.0412,13.7524],[121.0602,13.7385],[121.0608,13.7088],[121.0492,13.686],[121.0534,13.6659],[121.0369,13.6335],[121.07,13.6307],[121.0777,13.6189],[121.184,13.6446],[121.2048,13.6273],[121.2333,13.6278],[121.2592,13.598],[121.2855,13.597],[121.3129,13.6126],[121.3263,13.6344],[121.3637,13.6588],[121.3967,13.6723],[121.4203,13.6548],[121.4695,13.6841],[121.4715,13.6903],[121.4609,13.7],[121.4427,13.6959],[121.4517,13.7229],[121.4394,13.7341],[121.4324,13.7645],[121.4394,13.7942],[121.4745,13.8394],[121.5698,13.8825],[121.5745,13.8735],[121.5721,13.884],[121.6025,13.899],[121.6177,13.8916],[121.6167,13.9016],[121.6241,13.9076],[121.6674,13.912],[121.6803,13.9237],[121.7007,13.92],[121.7063,13.9238],[121.689,13.9496],[121.696,13.9623],[121.7061,13.9597],[121.7135,13.9707],[121.7494,13.9692],[121.7841,13.9393],[121.7898,13.9494],[121.8173,13.9411],[121.8096,13.9135],[121.8288,13.8995],[121.8228,13.8932],[121.8369,13.9026],[121.8445,13.8908],[121.8492,13.9023],[121.8556,13.8852],[121.8704,13.897],[121.8834,13.8905],[121.8907,13.8624],[121.9088,13.8541],[121.949,13.8516],[121.9611,13.8392],[121.9753,13.8405],[121.9822,13.829],[121.9766,13.8209],[121.9806,13.806],[122.0063,13.8095],[122.0141,13.8011],[122.0281,13.8068],[122.0247,13.7964],[122.0541,13.7754],[122.0741,13.7803],[122.077,13.7924],[122.0902,13.7805],[122.0986,13.7853],[122.1018,13.7701],[122.1331,13.7448],[122.1292,13.7405],[122.1377,13.7205],[122.1454,13.7129],[122.1507,13.7199],[122.173,13.6848],[122.1739,13.6698],[122.1812,13.6693],[122.2025,13.6377],[122.199,13.6201],[122.2083,13.6019],[122.2178,13.6078],[122.2384,13.5968],[122.2674,13.6064],[122.2781,13.593],[122.2613,13.5818],[122.2803,13.5744],[122.2895,13.5914],[122.3218,13.5904],[122.3374,13.576],[122.3324,13.5593],[122.3543,13.5467],[122.3661,13.5483],[122.4019,13.5242],[122.4132,13.4841],[122.4878,13.4106],[122.4972,13.3743],[122.5188,13.3432],[122.5214,13.3033],[122.51,13.2954],[122.5233,13.2804],[122.511,13.2715],[122.5163,13.2586],[122.5046,13.2436],[122.5393,13.2189],[122.5646,13.1788],[122.5991,13.162],[122.6242,13.1723],[122.6597,13.2097],[122.7028,13.2248],[122.691,13.268],[122.6767,13.2747],[122.6827,13.2911],[122.6743,13.3469],[122.6766,13.3794],[122.6507,13.4454],[122.6054,13.4982],[122.6008,13.5218],[122.5753,13.5354],[122.5634,13.5544],[122.5649,13.563],[122.5806,13.5628],[122.6181,13.5133],[122.6354,13.5152],[122.6342,13.529],[122.5744,13.5748],[122.5455,13.582],[122.5461,13.6014],[122.4969,13.6474],[122.5022,13.6684],[122.481,13.6972],[122.4802,13.7127],[122.485,13.7293],[122.4935,13.7341],[122.5234,13.7318],[122.509,13.7692],[122.5145,13.786],[122.5093,13.8057],[122.5245,13.8161],[122.5081,13.8208],[122.5083,13.8353],[122.4856,13.8483],[122.4849,13.8586],[122.4757,13.8622],[122.4513,13.9058],[122.4237,13.9301],[122.4195,13.9428],[122.437,13.9439],[122.4503,13.9262],[122.4742,13.9359],[122.484,13.9256],[122.5094,13.9258],[122.5114,13.9326],[122.5247,13.9228],[122.5339,13.9496],[122.5255,13.9581],[122.5368,13.9637],[122.5486,13.9467],[122.5672,13.9376],[122.5648,13.927],[122.554,13.9225],[122.5649,13.9208],[122.5672,13.905],[122.593,13.8937],[122.6057,13.8997],[122.6313,13.8803],[122.642,13.8825],[122.6351,13.8767],[122.6516,13.8512],[122.6369,13.8398],[122.6509,13.8356],[122.653,13.8208],[122.6797,13.8074],[122.6801,13.8281],[122.7003,13.8147],[122.7061,13.8211],[122.7225,13.8171],[122.7492,13.8026],[122.7436,13.8009],[122.7492,13.7911],[122.7686,13.7858],[122.7423,13.7775],[122.7727,13.7768],[122.7795,13.7642],[122.8363,13.7348],[122.862,13.6897],[122.8524,13.6788],[122.8423,13.6819],[122.8242,13.6495],[122.7987,13.6506],[122.8325,13.6397],[122.8344,13.6298],[122.8844,13.5881],[122.8882,13.5762],[122.9085,13.5702],[122.9216,13.556],[122.9501,13.549],[122.9751,13.5217],[123.001,13.5229],[123.034,13.5014],[123.0479,13.5087],[123.0788,13.4877],[123.1303,13.4679],[123.1431,13.4542],[123.1586,13.4551],[123.1947,13.4272],[123.2074,13.3957],[123.2008,13.3884],[123.2085,13.3709],[123.2057,13.3573],[123.2302,13.3231],[123.2385,13.2906],[123.2637,13.2675],[123.2928,13.2531],[123.3273,13.1982],[123.321,13.1888],[123.3047,13.1871],[123.3107,13.1671],[123.2882,13.1468],[123.2885,13.1078],[123.2962,13.0834],[123.281,13.058],[123.2984,13.0537],[123.3199,13.0066],[123.3637,13.023],[123.3776,13.0395],[123.3925,13.0329],[123.4041,13.0455],[123.4258,13.0399],[123.4517,13.0244],[123.4634,13.0031],[123.494,12.9821],[123.5298,12.9373],[123.5375,12.949],[123.556,12.9461],[123.5891,12.9052],[123.6269,12.896],[123.6109,12.8986],[123.6353,12.8875],[123.6524,12.8702],[123.6621,12.8893],[123.6513,12.897],[123.6621,12.9177],[123.6809,12.9221],[123.6738,12.9265],[123.6802,12.9308],[123.6821,12.9184],[123.6887,12.9174],[123.6954,12.937],[123.7113,12.941],[123.7147,12.9363],[123.7035,12.9339],[123.6968,12.9154],[123.6866,12.9138],[123.6832,12.9041],[123.6725,12.9089],[123.6823,12.8761],[123.6925,12.8653],[123.7064,12.8776],[123.6996,12.8756],[123.6871,12.8856],[123.692,12.8969],[123.7082,12.883],[123.7261,12.8866],[123.7344,12.8977],[123.7299,12.8887],[123.7416,12.8853],[123.7318,12.8798],[123.7162,12.8828],[123.7101,12.8761],[123.7314,12.8692],[123.723,12.8603],[123.7362,12.845],[123.7479,12.8478],[123.7608,12.8631],[123.7594,12.8804],[123.772,12.8809],[123.7961,12.8628],[123.8141,12.8754],[123.8151,12.8898],[123.8234,12.881],[123.8203,12.875],[123.829,12.8754],[123.8345,12.904],[123.8553,12.898],[123.8594,12.9218],[123.8695,12.9255],[123.8712,12.9348],[123.8808,12.9343],[123.8727,12.9462],[123.8836,12.9524],[123.8836,12.9785],[123.9005,12.9725],[123.9209,12.9796],[123.9397,12.958],[123.959,12.9552],[124.0046,12.9637],[124.0196,12.9734],[124.0341,12.9641],[124.0414,12.9252],[124.0267,12.9073],[124.0274,12.8923],[124.019,12.8785],[124.004,12.8755],[123.9977,12.8621],[123.9898,12.8649],[123.9901,12.877],[123.9825,12.8751],[123.986,12.8799],[123.9499,12.8762],[123.9401,12.8693],[123.9451,12.8486],[123.9399,12.856],[123.9368,12.8448],[123.9291,12.8535],[123.9254,12.8452],[123.9123,12.8571],[123.9063,12.8514],[123.8591,12.8758],[123.8638,12.8597],[123.8472,12.857],[123.8554,12.8476],[123.8358,12.8374],[123.8403,12.8273],[123.8367,12.8332],[123.8304,12.8283],[123.8458,12.8022],[123.8498,12.7206],[123.8751,12.6553],[123.9127,12.6384],[123.9179,12.6181],[123.9255,12.6171],[123.9305,12.6288],[123.9388,12.6252],[123.9377,12.5994],[123.9469,12.6013],[123.957,12.5753],[123.9891,12.5451],[124.0213,12.5366],[124.0227,12.5443],[124.0268,12.5349],[124.0357,12.5477],[124.0419,12.5335],[124.0526,12.54],[124.0809,12.5361],[124.0815,12.5541],[124.0978,12.5574],[124.0965,12.5727],[124.0851,12.5833],[124.1098,12.5941],[124.0945,12.6193],[124.0942,12.6369],[124.1339,12.6621],[124.13,12.6908],[124.1422,12.6998],[124.1317,12.7343],[124.1404,12.7564],[124.1374,12.7653],[124.1496,12.7745],[124.1557,12.8101],[124.1471,12.8447],[124.1552,12.8601],[124.1379,12.8735],[124.1486,12.8929],[124.1437,12.8991],[124.1428,12.892],[124.1265,12.8921],[124.1174,12.9087],[124.1313,12.916],[124.1268,12.9283],[124.1425,12.9344],[124.1441,12.9611],[124.1536,12.9695],[124.1411,12.9687],[124.1415,12.98],[124.1515,12.9981],[124.1617,13.0088],[124.1736,13.004],[124.1983,13.0186],[124.1879,13.03],[124.1963,13.0382],[124.1929,13.0609],[124.1373,13.0761],[124.1144,13.0664],[124.1072,13.0597],[124.097,13.0152],[124.0857,13.0009],[124.0748,13.0038],[124.0658,13.0326],[124.0226,13.0518],[123.9967,13.0886],[123.9788,13.0932],[123.9722,13.1092],[123.9668,13.1023],[123.9535,13.1034],[123.9348,13.1211],[123.9108,13.1231],[123.9058,13.1413],[123.8794,13.1432],[123.8626,13.1347],[123.8657,13.1236],[123.8569,13.1083],[123.8392,13.1104],[123.8367,13.0828],[123.8027,13.0474],[123.7886,13.0463],[123.7588,13.059],[123.7558,13.0642],[123.7649,13.0757],[123.7513,13.0898],[123.7758,13.0896],[123.786,13.1147],[123.7784,13.1258],[123.7822,13.1309],[123.77,13.1286],[123.7565,13.1447],[123.7542,13.1751],[123.774,13.2265],[123.7906,13.2383],[123.862,13.2244],[123.8686,13.2271],[123.8676,13.2404],[123.8491,13.2485],[123.8454,13.2573],[123.8515,13.2594],[123.8445,13.2655],[123.8288,13.2668],[123.8255,13.2528],[123.8325,13.2342],[123.8163,13.254],[123.8214,13.2665],[123.8155,13.288],[123.7862,13.2996],[123.78,13.3116],[123.761,13.3228],[123.744,13.325],[123.738,13.3663],[123.7273,13.3711],[123.7273,13.3837],[123.739,13.3672],[123.7433,13.3694],[123.7164,13.4042],[123.6779,13.4773],[123.6247,13.4915],[123.6014,13.5203],[123.5961,13.5402],[123.5818,13.5465],[123.5838,13.5545],[123.568,13.5622],[123.5475,13.5517],[123.53,13.5736],[123.5521,13.6019],[123.5439,13.6007],[123.5357,13.6126],[123.5399,13.6427],[123.5632,13.7012],[123.5881,13.7251],[123.5782,13.7222],[123.5826,13.7281],[123.6196,13.7239],[123.6577,13.7074],[123.6711,13.7206],[123.689,13.7207],[123.7166,13.7089],[123.7514,13.7083],[123.8032,13.6877],[123.8364,13.698],[123.8627,13.7245],[123.8603,13.7307],[123.8833,13.739],[123.89,13.7278],[123.9107,13.7301],[123.9337,13.7196],[123.927,13.7295],[123.9368,13.7367],[123.9474,13.7252],[123.9645,13.7266],[123.9689,13.709],[123.9772,13.7226],[123.9679,13.7308],[123.9757,13.7392],[123.9669,13.7438],[123.9673,13.7565],[123.9482,13.7539],[123.954,13.7674],[123.9375,13.7721],[123.9492,13.7844],[123.9414,13.7955],[123.9167,13.79],[123.8916,13.7988],[123.8671,13.8257],[123.847,13.8107],[123.8489,13.8183],[123.8153,13.8278],[123.8022,13.8472],[123.7833,13.8436],[123.7749,13.8505],[123.7811,13.8605],[123.7594,13.864],[123.7426,13.8927],[123.7374,13.8843],[123.7298,13.9207],[123.7219,13.9348],[123.7067,13.9432],[123.7182,13.9204],[123.7026,13.9127],[123.7054,13.8888],[123.6815,13.8787],[123.6689,13.8814],[123.663,13.894],[123.6606,13.8873],[123.6467,13.8903],[123.6429,13.8825],[123.5994,13.8923],[123.5977,13.9005],[123.5914,13.8995],[123.593,13.9116],[123.5825,13.9143],[123.5803,13.9004],[123.5732,13.9174],[123.5581,13.9192],[123.5457,13.9319],[123.5387,13.9207],[123.5453,13.9173],[123.5425,13.9094],[123.5338,13.9179],[123.5191,13.9125],[123.5221,13.9283],[123.5168,13.9303],[123.491,13.914],[123.495,13.922],[123.4878,13.9258],[123.5012,13.9416],[123.4891,13.9393],[123.4707,13.9612],[123.4505,13.9615],[123.4497,13.9671],[123.4456,13.9399],[123.4484,13.934],[123.458,13.9379],[123.4512,13.9201],[123.4315,13.9257],[123.426,13.9202],[123.4271,13.9301],[123.4149,13.9323],[123.4143,13.9428],[123.4078,13.9435],[123.4166,13.9507],[123.4118,13.956],[123.4159,13.9845],[123.403,13.9894],[123.3999,13.9783],[123.394,13.9897],[123.4055,13.9976],[123.4015,14.0083],[123.3823,14.0083],[123.3927,14.0157],[123.3879,14.0348],[123.3771,14.0204],[123.3635,14.0178],[123.365,14.0093],[123.3518,14.0062],[123.3532,14.0193],[123.3427,14.0134],[123.3519,14.0388],[123.3566,14.0322],[123.3588,14.0411],[123.3743,14.0402],[123.3554,14.0538],[123.3592,14.0761],[123.3555,14.0856],[123.3448,14.0864],[123.3398,14.1054],[123.3295,14.0874],[123.344,14.0832],[123.3454,14.0685],[123.3092,14.0678],[123.3212,14.0395],[123.3104,14.0395],[123.2772,14.0718],[123.2554,14.0729],[123.2743,14.0551],[123.2833,14.0332],[123.2305,14.0255],[123.2593,14.0189],[123.2657,14.0098],[123.258,14.0078],[123.2593,14.0015],[123.27,13.9991],[123.2335,14.0049],[123.2279,14.0003],[123.2375,13.9912],[123.2377,13.9862],[123.2276,13.9891],[123.2324,13.9678],[123.2602,13.9585],[123.2653,13.9624],[123.2603,13.9488],[123.2776,13.9462],[123.2939,13.927],[123.3119,13.9305],[123.3147,13.9493],[123.3213,13.9504],[123.3254,13.9672],[123.3285,13.9592],[123.3383,13.9816],[123.3342,13.9744],[123.3409,13.9717],[123.3412,13.9615],[123.3325,13.938],[123.3251,13.9333],[123.3225,13.9391],[123.3173,13.9224],[123.2953,13.9038],[123.2872,13.9065],[123.2855,13.896],[123.3236,13.8299],[123.3245,13.8003],[123.3076,13.7814],[123.2856,13.7711],[123.289,13.7663],[123.2743,13.7488],[123.251,13.739],[123.2418,13.7428],[123.2394,13.732],[123.135,13.7297],[123.12,13.7211],[123.1164,13.7376],[123.0455,13.777],[123.0472,13.8177],[123.0608,13.8377],[123.0585,13.8527],[123.0665,13.8745],[123.0822,13.8793],[123.0772,13.8738],[123.0825,13.8727],[123.0954,13.8914],[123.0818,13.9556],[123.0875,13.9704],[123.0833,13.982],[123.0565,13.994],[123.0302,14.0351],[123.0322,14.0675],[123.0485,14.0693],[123.0432,14.0985],[123.0324,14.0996],[123.024,14.1121],[123.0118,14.0969],[123.0112,14.1048],[123.0048,14.1043],[123.0144,14.1117],[122.9884,14.1292],[122.9797,14.1495],[122.9585,14.1509],[122.9786,14.1496],[122.9532,14.163],[122.9374,14.1906],[122.9171,14.1942],[122.9122,14.1888],[122.9035,14.1943],[122.9084,14.1975],[122.8882,14.2008],[122.9126,14.1963],[122.9124,14.214],[122.8934,14.2189],[122.9166,14.2194],[122.8883,14.2353],[122.8645,14.2707],[122.8547,14.269],[122.8484,14.2821],[122.8269,14.2862],[122.8194,14.275],[122.8005,14.2746],[122.8073,14.2849],[122.8008,14.2891],[122.7904,14.2801],[122.7856,14.2895],[122.7946,14.3018],[122.7909,14.3115],[122.7852,14.3052],[122.7743,14.3202],[122.7512,14.3285],[122.7402,14.3127],[122.7233,14.3119],[122.7134,14.3215],[122.7126,14.3402],[122.6954,14.3334],[122.6882,14.3442],[122.6684,14.3395],[122.6696,14.3233],[122.6939,14.2854],[122.6886,14.28],[122.6683,14.2999],[122.6608,14.2995],[122.6661,14.2908],[122.6586,14.2895],[122.6534,14.3026],[122.6605,14.3033],[122.6526,14.3145],[122.6532,14.3033],[122.6462,14.3031],[122.638,14.2912],[122.6434,14.2873],[122.6335,14.2818],[122.6317,14.2965],[122.6396,14.3006],[122.6312,14.3218],[122.6289,14.2937],[122.6207,14.2887],[122.5958,14.3051],[122.6103,14.3144],[122.5601,14.3309],[122.5572,14.3269],[122.5358,14.3413],[122.529,14.3356],[122.5222,14.349],[122.5093,14.3445],[122.5269,14.3222],[122.5193,14.317],[122.4974,14.338],[122.4876,14.3275],[122.471,14.34],[122.4668,14.3284],[122.4554,14.3293],[122.4566,14.3171],[122.444,14.3218],[122.4426,14.3151],[122.4322,14.3156],[122.4299,14.2993],[122.4185,14.3162],[122.4129,14.2871],[122.3937,14.2792],[122.385,14.2876],[122.3795,14.2574],[122.3603,14.2516],[122.3822,14.2152],[122.3596,14.2142],[122.3492,14.2254],[122.3453,14.2105],[122.3595,14.204],[122.3506,14.2037],[122.359,14.1996],[122.3536,14.185],[122.3446,14.1878],[122.3468,14.2043],[122.3339,14.2025],[122.337,14.1554],[122.3512,14.1414],[122.3517,14.1223],[122.3428,14.1114],[122.3406,14.1168],[122.3312,14.1067],[122.3102,14.102],[122.3037,14.1128],[122.3121,14.1308],[122.309,14.1421],[122.2881,14.1203],[122.2677,14.1237],[122.2709,14.1439],[122.2657,14.1503],[122.2738,14.1621],[122.2593,14.1728],[122.2772,14.2346],[122.2731,14.2457],[122.2503,14.2423],[122.254,14.226],[122.2457,14.2177],[122.2512,14.2047],[122.2425,14.1965],[122.2453,14.186],[122.2334,14.1942],[122.2148,14.19],[122.1902,14.1703],[122.1908,14.1629],[122.1827,14.162],[122.1893,14.1386],[122.1761,14.1406],[122.1656,14.1594],[122.1646,14.1407],[122.1911,14.1048],[122.1928,14.0928],[122.2278,14.0771],[122.2682,14.0487],[122.2758,14.0358],[122.2795,14.0437],[122.2816,14.0372],[122.2884,14.0386],[122.2901,14.017],[122.3078,14.0113],[122.3114,14.0216],[122.3237,14.0201],[122.3096,14.0057],[122.3166,13.9931],[122.3021,14.0013],[122.2935,13.9916],[122.3067,13.9721],[122.2988,13.9593],[122.2692,13.9605],[122.2647,13.97],[122.2168,13.9786],[122.1957,13.9963],[122.1818,13.9939],[122.1994,13.9602],[122.2224,13.9426],[122.2438,13.9428],[122.2457,13.919],[122.2315,13.8948],[122.1885,13.9156],[122.1692,13.9133],[122.153,13.9203],[122.1373,13.9129],[122.1119,13.9265],[122.0987,13.9226],[122.09,13.9339],[122.0356,13.9477],[121.9924,13.9762],[121.95,13.9864],[121.9179,14.0032],[121.8467,14.0727],[121.8243,14.0819],[121.7691,14.1239],[121.7337,14.1694],[121.7337,14.191],[121.7539,14.2044],[121.7524,14.22],[121.7617,14.2287],[121.7583,14.247],[121.7286,14.2741],[121.7346,14.2973],[121.7277,14.3263],[121.6586,14.4013],[121.6592,14.4232],[121.6433,14.4836],[121.6249,14.5165],[121.6247,14.5676],[121.6186,14.59],[121.6086,14.5992],[121.6125,14.6116],[121.6038,14.6521],[121.6199,14.6859],[121.6164,14.6766],[121.6256,14.6781],[121.6238,14.6728],[121.6372,14.6672],[121.6275,14.6667],[121.6258,14.6589],[121.6198,14.6639],[121.6258,14.6575],[121.6717,14.6917],[121.6676,14.6951],[121.691,14.6988],[121.6788,14.7015],[121.6784,14.6962],[121.6787,14.7021],[121.702,14.7033],[121.7245,14.6906],[121.7343,14.6958],[121.7104,14.7257],[121.6599,14.7655],[121.6586,14.7758],[121.6496,14.7754],[121.6556,14.7806],[121.6242,14.793],[121.6021,14.8276],[121.6136,14.8528],[121.5817,14.8904],[121.573,14.9476],[121.5439,15.0101],[121.5061,15.0551],[121.4982,15.0773],[121.5034,15.0874],[121.4945,15.104],[121.495,15.1362],[121.4807,15.1808],[121.4622,15.2011],[121.448,15.1963],[121.4377,15.2095],[121.4274,15.2073],[121.4168,15.2173],[121.3806,15.2901],[121.3737,15.3365],[121.3971,15.3812],[121.406,15.3844],[121.432,15.3647],[121.4306,15.3809],[121.4449,15.3854],[121.4555,15.4115],[121.4755,15.4174],[121.4746,15.425],[121.4836,15.4292],[121.4739,15.4347],[121.488,15.4592],[121.4843,15.4818],[121.4939,15.5239],[121.5133,15.5431],[121.5286,15.5432],[121.5319,15.5614],[121.5637,15.591],[121.5624,15.606],[121.5836,15.6228],[121.5833,15.6324],[121.6162,15.6478],[121.619,15.6567],[121.6098,15.6661],[121.6145,15.6702],[121.5881,15.6726],[121.599,15.6833],[121.6108,15.6841],[121.6099,15.7064],[121.6258,15.7108],[121.6392,15.7049],[121.6406,15.737],[121.632,15.7423],[121.6373,15.7493],[121.5989,15.7626],[121.5761,15.754],[121.5613,15.775],[121.5476,15.8367],[121.5551,15.8995],[121.5794,15.9276],[121.6011,15.9353],[121.6065,15.9466],[121.6252,15.9507],[121.6206,15.9569],[121.6261,15.9655],[121.6502,15.97],[121.665,16.0055],[121.7173,16.0409],[121.7435,16.0697],[121.7617,16.0764],[121.7797,16.0619],[121.813,16.0865],[121.8366,16.0899],[121.8727,16.1223],[121.8998,16.1289],[121.937,16.126],[121.9671,16.1364],[121.9875,16.1613],[122.0189,16.1796],[122.0386,16.1744],[122.0575,16.1896],[122.0787,16.1897],[122.0639,16.2152],[122.0704,16.2412],[122.0881,16.2468],[122.0848,16.2588],[122.0931,16.2639],[122.1278,16.2557],[122.1315,16.2613],[122.1397,16.2546],[122.1294,16.2254],[122.0951,16.2045],[122.0927,16.1675],[122.0617,16.1297],[122.0274,16.1045],[121.9899,16.0285],[122.0052,16.0297],[122.0181,16.0504],[122.0316,16.0492],[122.0492,16.066],[122.0512,16.0767],[122.0727,16.0912],[122.065,16.1102],[122.0704,16.1207],[122.1073,16.1459],[122.1162,16.1663],[122.1424,16.1922],[122.1579,16.1972],[122.1741,16.2192],[122.2033,16.2376],[122.2083,16.2715],[122.2218,16.2821],[122.2355,16.3098],[122.2141,16.2933],[122.206,16.2968],[122.1931,16.2898],[122.18,16.3037],[122.1918,16.3186],[122.191,16.3338],[122.2136,16.3566],[122.2251,16.357],[122.243,16.4201],[122.2378,16.4283],[122.2284,16.3953],[122.2211,16.3949],[122.2003,16.4152],[122.1996,16.4347],[122.2277,16.458],[122.2486,16.514],[122.2794,16.5264],[122.2983,16.5518],[122.367,16.6952],[122.407,16.7505],[122.419,16.7877],[122.4346,16.7979],[122.4311,16.8306],[122.4643,16.8875],[122.4573,16.902],[122.4763,16.9506],[122.4657,16.9612],[122.4665,16.9761],[122.4871,17.0196],[122.5009,17.0194],[122.4985,17.0338],[122.5104,17.0374],[122.507,17.0544],[122.5199,17.0906],[122.5285,17.0976],[122.5178,17.1124],[122.5167,17.1335],[122.5096,17.1423],[122.4831,17.1166],[122.4501,17.1162],[122.4465,17.1019],[122.4425,17.1107],[122.4477,17.1189],[122.4428,17.1201],[122.4715,17.1226],[122.4381,17.1227],[122.4177,17.1396],[122.411,17.172],[122.4201,17.1917],[122.4272,17.1924],[122.422,17.2098],[122.4309,17.2137],[122.4191,17.2218],[122.4245,17.2566],[122.422,17.27],[122.4127,17.2752],[122.4235,17.285],[122.4284,17.282],[122.4405,17.2413],[122.4437,17.2638],[122.4387,17.2901],[122.4217,17.3036],[122.4076,17.3332],[122.3927,17.3396],[122.4037,17.3042],[122.4123,17.2984],[122.3992,17.2898],[122.3991,17.2982],[122.3902,17.3016],[122.3976,17.3113],[122.3891,17.3086],[122.3733,17.3208],[122.3942,17.3231],[122.3733,17.3527],[122.3587,17.3518],[122.3539,17.334],[122.323,17.3425],[122.3128,17.3326],[122.3066,17.3403],[122.2946,17.3337],[122.2865,17.3411],[122.285,17.3624],[122.271,17.3626],[122.2653,17.354],[122.2458,17.3662],[122.2542,17.3882],[122.2428,17.3886],[122.2358,17.3991],[122.2496,17.4123],[122.232,17.425],[122.2042,17.4785],[122.1927,17.5085],[122.1949,17.5256],[122.1846,17.539],[122.1907,17.548],[122.1873,17.5604],[122.18,17.5641],[122.1807,17.5799],[122.1736,17.5831],[122.1635,17.6106],[122.1673,17.6692],[122.1563,17.6813],[122.1685,17.6987],[122.1586,17.7037],[122.1621,17.7104],[122.144,17.7383],[122.1484,17.7556],[122.1368,17.7832],[122.1399,17.803],[122.1566,17.8171],[122.1472,17.8255],[122.1496,17.8352],[122.1685,17.8477],[122.1628,17.8777],[122.1746,17.897],[122.188,17.9014],[122.1906,17.918],[122.1815,17.9206],[122.1784,17.9329],[122.183,17.9442],[122.177,17.968],[122.1842,17.9751],[122.1786,17.987],[122.1898,18.002],[122.1843,18.0098],[122.1881,18.0178],[122.174,18.035],[122.1835,18.0602],[122.1675,18.0645],[122.1676,18.0869],[122.1808,18.1155],[122.1949,18.1174],[122.2153,18.1513],[122.2617,18.1684],[122.2661,18.186],[122.3029,18.2194],[122.2985,18.2285],[122.3212,18.2487],[122.335,18.2844],[122.3277,18.292],[122.3376,18.3098],[122.3246,18.3362],[122.3204,18.379],[122.3117,18.3802],[122.3134,18.3879],[122.2947,18.4108],[122.2614,18.4289],[122.2645,18.4337],[122.2496,18.4489],[122.2414,18.4724],[122.2464,18.4885],[122.2419,18.5052],[122.2252,18.5229],[122.1991,18.51],[122.1942,18.5177],[122.1905,18.5107],[122.1871,18.5199],[122.1767,18.5146],[122.1669,18.5217],[122.1587,18.5159],[122.1638,18.5108],[122.1468,18.5073],[122.1475,18.4795],[122.1249,18.4272],[122.1325,18.4142],[122.125,18.4026],[122.1318,18.3867],[122.1179,18.3745],[122.109,18.3783],[122.1126,18.3869],[122.1002,18.3824],[122.0976,18.3652],[122.0632,18.3428],[122.0529,18.3217],[122.0278,18.3078],[122.0247,18.2976],[122.0075,18.2864],[121.9416,18.2677],[121.9028,18.2657],[121.9007,18.2716],[121.6402,18.3601],[121.6287,18.3628],[121.6296,18.3541],[121.6215,18.3513],[121.6033,18.3742],[121.5205,18.413],[121.4516,18.4602],[121.4417,18.4592],[121.44,18.465],[121.3157,18.52],[121.2029,18.6051],[121.1631,18.6216],[121.0972,18.6269],[121.0918,18.6141],[121.0626,18.6073],[121.0348,18.6203],[121.0244,18.6058],[121.0052,18.5958],[120.989,18.5987],[120.9561,18.56],[120.928,18.5594],[120.8959,18.5739],[120.8687,18.6102],[120.8681,18.623],[120.8591,18.6229],[120.8603,18.6351],[120.8467,18.651]]]]}}]}